codibge,uf,valor,sp
1302603,AM,532679083,0
5203559,GO,-5778970,0
4200556,SC,-855405,0
4117602,PR,-11293204,0
4316808,RS,24073319,0
3127503,MG,-891640,0
2802106,SE,-10647136,0
4206603,SC,-1842807,0
3515657,SP,-3153036,1
5209150,GO,-4732271,0
2927408,BA,-419381465,0
4214706,SC,-3956687,0
3106804,MG,-1905615,0
4321501,RS,27364114,0
4312443,RS,-1065236,0
4215752,SC,-2829637,0
3160405,MG,-2741644,0
4124400,PR,-1375201,0
3520806,SP,-2067144,1
3541059,SP,1419840,1
1100114,RO,16259223,0
3505104,SP,4135644,1
2509339,PB,4122376,0
4317004,RS,-5316202,0
4122800,PR,-3014217,0
4314506,RS,-1268387,0
4123006,PR,-531468,0
4312500,RS,-6257556,0
1100122,RO,-2928200,0
4317707,RS,-1514191,0
1200203,AC,18949535,0
3525854,SP,-328820,1
5002407,MS,-21258672,0
5103353,MT,4289571,0
4321329,RS,-2153023,0
2507903,PB,5379284,0
2304103,CE,32104700,0
4214904,SC,-1726322,0
5000609,MS,-35060702,0
1200393,AC,-1709119,0
2411403,RN,6081618,0
4320321,RS,-2244784,0
2514800,PB,3867781,0
2512788,PB,1396436,0
2503902,PB,2540974,0
3522109,SP,120235112,1
2510659,PB,538358,0
4315958,RS,-960993,0
2509206,PB,10802748,0
2508505,PB,5865899,0
4304309,RS,-1437770,0
2500304,PB,34911450,0
4204459,SC,-924238,0
4300638,RS,2377420,0
4205704,SC,-8941624,0
2501203,PB,5945124,0
2904704,BA,42146796,0
2906709,BA,65228935,0
4310207,RS,-33552739,0
4318705,RS,392674307,0
4100459,PR,3908390,0
4210035,SC,-1903101,0
2500403,PB,1252364,0
4120507,PR,-5400323,0
2919702,BA,30830392,0
2515104,PB,735169,0
4308433,RS,-5371535,0
4115804,PR,6645230,0
4104055,PR,-1223136,0
4219606,SC,-2242699,0
2509305,PB,5118185,0
2507101,PB,32954254,0
2905305,BA,7889696,0
2920700,BA,17013166,0
4218509,SC,-5072616,0
4104253,PR,6210745,0
3304557,RJ,15388380244,0
4206900,SC,-2347034,0
2412005,RN,-81809915,0
2403400,RN,1303658,0
2603926,PE,-3716339,0
2402709,RN,4879329,0
2803203,SE,30821898,0
4319372,RS,-1620222,0
3520707,SP,7176486,1
3536406,SP,-3517995,1
4307831,RS,-551519,0
3148103,MG,43698313,0
2901007,BA,49182074,0
2933455,BA,2767724,0
2516151,PB,-1397431,0
5108808,MT,-1352052,0
4310876,RS,-708997,0
5221577,GO,1490469,0
4321204,RS,45202713,0
4215695,SC,-2384928,0
3519055,SP,459144,1
4205159,SC,-4142383,0
4119509,PR,-24333155,0
3556107,SP,657249,1
4106001,PR,-1093371,0
4219507,SC,-7141638,0
4208500,SC,5249340,0
4106506,PR,-596138,0
4321352,RS,-1483041,0
4208450,SC,-26151844,0
3122801,MG,-1038436,0
5102504,MT,784979,0
4312401,RS,62001539,0
3536703,SP,-6380523,1
4316972,RS,-2011533,0
3555901,SP,-1139534,1
4303400,RS,2238935,0
2517001,PB,10079921,0
2505709,PB,261867,0
3541406,SP,93491221,1
2513109,PB,22923304,0
2915908,BA,-15164046,0
2501302,PB,28711959,0
4103024,PR,-808060,0
2508208,PB,23200598,0
2925253,BA,15834490,0
2931004,BA,36783892,0
2800308,SE,226656944,0
4217956,SC,-2535733,0
3503604,SP,668038,1
2901205,BA,22460741,0
4323457,RS,-2615571,0
3507407,SP,1005982,1
3527504,SP,-1295842,1
5101308,MT,-1125230,0
3501103,SP,-525341,1
4317301,RS,1591026,0
4216701,SC,-7157909,0
3553302,SP,-586632,1
4205357,SC,-1278111,0
2910701,BA,50033831,0
1500347,PA,272155,0
3556909,SP,-3563199,1
2501104,PB,27976733,0
2513851,PB,783787,0
4211108,SC,1417692,0
4217303,SC,-5224145,0
2902906,BA,49226486,0
3130556,MG,-450370,0
2511400,PB,-1018786,0
3504107,SP,23712736,1
2903508,BA,3838657,0
2609105,PE,5975530,0
2108009,MA,-2527004,0
2913200,BA,38020610,0
2500700,PB,24766103,0
2405405,RN,6869028,0
4314100,RS,47765135,0
2902104,BA,130337158,0
4305108,RS,286651777,0
3542107,SP,-3547346,1
4318002,RS,55347581,0
2900207,BA,245428,0
3159605,MG,-12999014,0
3143906,MG,-17260617,0
5007109,MS,-5654740,0
3510153,SP,159711,1
2926657,BA,15364493,0
2807204,SE,-2052664,0
4118402,PR,42175648,0
3523404,SP,33878595,1
2917102,BA,57336575,0
4303509,RS,-5048431,0
3529104,SP,-1552306,1
3539509,SP,2166792,1
2910305,BA,11581827,0
3119500,MG,1371792,0
4211603,SC,-12452590,0
4314175,RS,-4298249,0
2925709,BA,13921319,0
2805000,SE,1188893,0
2608453,PE,14902355,0
2609303,PE,-2378648,0
2612505,PE,10290525,0
2613701,PE,17875136,0
2609204,PE,9995421,0
2305266,CE,19662749,0
2919959,BA,-5612068,0
4308656,RS,-1933824,0
2614204,PE,57493800,0
4106852,PR,-3588334,0
2615003,PE,18917986,0
4119152,PR,-72732675,0
4318309,RS,27698800,0
4317509,RS,-3286091,0
4108700,PR,5356064,0
3555000,SP,435010,1
3504404,SP,403136,1
2304400,CE,48271949,0
3163805,MG,-794189,0
2921906,BA,3014459,0
2516904,PB,18642840,0
4305009,RS,-3326458,0
2906899,BA,5262252,0
2927705,BA,67766015,0
3111705,MG,-462137,0
2901304,BA,18178381,0
4316907,RS,8046515,0
2903953,BA,9272537,0
3556800,SP,-2000049,1
2917508,BA,26628605,0
2907707,BA,7237131,0
3203320,ES,-6809845,0
2931806,BA,11201733,0
2908507,BA,-6488672,0
5207402,GO,-9160155,0
1200401,AC,120847525,0
2933174,BA,10467722,0
3541000,SP,-212028721,1
2504033,PB,1160417,0
2503506,PB,26414814,0
4314050,RS,41840457,0
2512747,PB,748188,0
3508009,SP,13188503,1
2901106,BA,30315158,0
3555604,SP,8744310,1
4309308,RS,29898895,0
4316451,RS,10553695,0
2905156,BA,5942870,0
4300406,RS,-29296736,0
3508900,SP,4961065,1
2505238,PB,17202429,0
2917805,BA,9400585,0
2909406,BA,10620836,0
5218508,GO,-21807352,0
2919504,BA,14618,0
3160801,MG,-1306420,0
3532009,SP,4513763,1
4205175,SC,-1581493,0
4206108,SC,3226808,0
3510302,SP,-9178255,1
2919405,BA,12315509,0
3164704,MG,27649153,0
2917201,BA,5725879,0
2925303,BA,249473733,0
2806008,SE,11055254,0
5200209,GO,-1508245,0
3540507,SP,-1933535,1
4104907,PR,-20482040,0
4207601,SC,-2732448,0
4201257,SC,-1388880,0
4311007,RS,-12691983,0
4304507,RS,-3753906,0
3152006,MG,-8740714,0
4201109,SC,-1916535,0
2933158,BA,-23438156,0
4200754,SC,-2645496,0
3305505,RJ,-63607094,0
2913309,BA,9878087,0
2908705,BA,21839235,0
2500734,PB,944526,0
2515930,PB,1270702,0
2926103,BA,12434221,0
4200408,SC,-11087753,0
2605004,PE,53047694,0
3130408,MG,-1354760,0
2909000,BA,-1878736,0
3533106,SP,-137659,1
2930766,BA,28592251,0
2503803,PB,8886259,0
2918605,BA,5465964,0
2616209,PE,-10056761,0
3127107,MG,-419023,0
2605152,PE,13802040,0
4104808,PR,-29049035,0
1702109,TO,-45660987,0
2903201,BA,195515721,0
2612406,PE,16466827,0
2930808,BA,-16971852,0
2608701,PE,735197,0
2912202,BA,-17250659,0
4208955,SC,-1453472,0
5005707,MS,10513445,0
2612703,PE,758405,0
2406809,RN,5661975,0
3505401,SP,9307355,1
3515186,SP,-9716738,1
5221007,GO,-2464593,0
4217808,SC,-3050777,0
3527306,SP,-124054144,1
2804458,SE,9445426,0
5220454,GO,16706574,0
3502200,SP,2315767,1
2511509,PB,19570446,0
3507753,SP,-2374289,1
2314102,CE,1375939,0
2510709,PB,6377656,0
3546207,SP,-1863347,1
2913101,BA,14348635,0
3533403,SP,19088263,1
3523800,SP,-1491614,1
2606002,PE,-4730423,0
1100148,RO,-6902887,0
4303905,RS,14203212,0
2802908,SE,5017262,0
2608404,PE,8326770,0
2910107,BA,5630191,0
2502607,PB,9889488,0
2610202,PE,1441498,0
2512762,PB,-663641,0
4206405,SC,-2644163,0
4311403,RS,-36567285,0
3548708,SP,1514578995,1
2606705,PE,8190609,0
2308377,CE,10542405,0
4319125,RS,-2190769,0
5221858,GO,-117934151,0
2400109,RN,7593911,0
3139003,MG,-7922532,0
2512309,PB,26557203,0
3200706,ES,-7898287,0
3507100,SP,-6163224,1
4127700,PR,-29800510,0
2301000,CE,-16656032,0
4217501,SC,-5594764,0
3545209,SP,-8271713,1
2516300,PB,-5542798,0
4320800,RS,9823050,0
4112207,PR,-1031515,0
2310001,CE,31777226,0
3201506,ES,-2258928,0
3557105,SP,3394122,1
1710904,TO,-551184,0
2507804,PB,16603421,0
2502805,PB,10302967,0
1400159,RR,3646377,0
4200804,SC,-2243487,0
2603504,PE,739726,0
2612000,PE,20963284,0
4209805,SC,-1397600,0
2902401,BA,50157802,0
2606408,PE,61803438,0
2504306,PB,32378719,0
2921005,BA,-19240113,0
2921609,BA,1552533,0
1100049,RO,-11167844,0
2516003,PB,24618367,0
2922730,BA,1862166,0
2400307,RN,7043335,0
4208609,SC,-3670060,0
4109401,PR,6754259,0
3150802,MG,-3281498,0
2611002,PE,1948178,0
3530904,SP,-1339923,1
2613008,PE,3796663,0
2608255,PE,-1974195,0
2301307,CE,12976288,0
3129103,MG,3188328,0
2103703,MA,1359713,0
2608750,PE,4388433,0
2615409,PE,15811203,0
2615904,PE,1789874,0
3506359,SP,-9623174,1
2611903,PE,60031334,0
2612554,PE,3277678,0
2110500,MA,53279394,0
3114006,MG,7689049,0
2102754,MA,22103066,0
2930402,BA,24532017,0
2924801,BA,5405833,0
3523602,SP,-173468,1
2608057,PE,9695914,0
1505304,PA,-1891165,0
1505635,PA,3216941,0
2312106,CE,15691786,0
3101631,MG,-1021491,0
2604007,PE,21389252,0
4322608,RS,18230881,0
4307815,RS,-1552014,0
2305704,CE,7084340,0
2409704,RN,3311598,0
4205100,SC,-1383848,0
4313409,RS,644695253,0
2512903,PB,24922535,0
2500106,PB,5906821,0
4207759,SC,-1860204,0
3127701,MG,-20927179,0
4202859,SC,-2347630,0
3548500,SP,207300098,1
3123858,MG,2757113,0
3513306,SP,-2128918,1
3116605,MG,9443394,0
2512200,PB,-313579,0
3517802,SP,-3389813,1
4201901,SC,-512915,0
3513900,SP,3152757,1
3149606,MG,802282,0
4212270,SC,-4787622,0
3520426,SP,31560560,1
3300100,RJ,-3537471,0
2509602,PB,7234613,0
2512036,PB,2196697,0
2933000,BA,42596842,0
3503901,SP,-47620613,1
2312502,CE,3507271,0
2304954,CE,16425219,0
3122504,MG,591671,0
2403103,RN,19382946,0
2509396,PB,-1602548,0
1400100,RR,-137342718,0
2912905,BA,55308195,0
2510600,PB,-163739,0
2929370,BA,11084830,0
2802403,SE,-259564,0
2926301,BA,39566377,0
4213807,SC,1616240,0
2920106,BA,4645332,0
2616183,PE,-224606,0
3527108,SP,-19382551,1
1301704,AM,-5631344,0
2613800,PE,1885461,0
2905701,BA,329256365,0
2504207,PB,5488461,0
2302404,CE,18161949,0
4307005,RS,-42002379,0
3538600,SP,-67969011,1
2509057,PB,8258402,0
2802601,SE,13501895,0
4314605,RS,-1768085,0
3528601,SP,-6696435,1
2304251,CE,12106881,0
3549904,SP,-87775721,1
2802007,SE,29847442,0
3524402,SP,-204045378,1
4307708,RS,-20891383,0
4219101,SC,-3919313,0
2605509,PE,-379799,0
4306908,RS,5267876,0
3526704,SP,13001690,1
3502804,SP,179149866,1
4100400,PR,57930118,0
2800704,SE,-1362241,0
4117503,PR,-8211132,0
3505807,SP,-6607107,1
3552205,SP,-65008695,1
3117405,MG,-1170156,0
2313609,CE,3157317,0
2507507,PB,-867956782,0
3523305,SP,-574964,1
2304459,CE,7645891,0
3523909,SP,62190030,1
2504157,PB,-611317,0
2702306,AL,19694146,0
4111902,PR,224851,0
3511409,SP,13714514,1
4104303,PR,-6751150,0
3515509,SP,-13090316,1
4204004,SC,-8515423,0
2401008,RN,-14876513,0
4202008,SC,-165917344,0
3131604,MG,2445890,0
2900355,BA,-756654,0
3510401,SP,44147580,1
3556206,SP,448837397,1
4128104,PR,-24433137,0
4206009,SC,-4530099,0
3537602,SP,28896300,1
5105259,MT,-29321338,0
2414209,RN,8111684,0
2905800,BA,46571012,0
4207577,SC,-2351116,0
1501402,PA,828675903,0
3507159,SP,129410,1
3506607,SP,6819538,1
3540705,SP,-6769508,1
4202503,SC,-3384974,0
3533908,SP,-128835692,1
2501005,PB,25292426,0
4310330,RS,41182109,0
5210604,GO,749947,0
2900801,BA,10061666,0
3522000,SP,-2734934,1
2927200,BA,43533203,0
1508407,PA,23263430,0
3550902,SP,26022696,1
3529807,SP,3329211,1
2807105,SE,56651550,0
5004502,MS,5076106,0
2104057,MA,18244509,0
2410108,RN,3928461,0
2807501,SE,450786,0
2932804,BA,9597846,0
4204905,SC,-2238223,0
2603405,PE,1823904,0
2605400,PE,23060786,0
5200506,GO,-4771048,0
4101408,PR,10067546,0
5219738,GO,-8089881,0
4216404,SC,-3260131,0
5107040,MT,-18858519,0
4305801,RS,1899721,0
3113107,MG,-198970,0
2904001,BA,19695943,0
2613107,PE,-3720299,0
3557006,SP,-57824112,1
4322525,RS,-2813996,0
3131505,MG,7840012,0
2207777,PI,1881655,0
2613404,PE,-7278879,0
2305233,CE,35951284,0
3550308,SP,35443735693,1
2909109,BA,16384550,0
2402600,RN,20208573,0
4218103,SC,930741,0
2306207,CE,18602889,0
2900702,BA,49899642,0
2307650,CE,120773516,0
3551603,SP,247070,1
2615102,PE,-421971,0
1200252,AC,6514364,0
2313005,CE,10107575,0
2933406,BA,6212084,0
2406007,RN,-718078,0
2904852,BA,-1840158,0
2906006,BA,77673536,0
2603306,PE,4591454,0
4213609,SC,-19391882,0
1200104,AC,-1181605,0
5221700,GO,2436603,0
3513702,SP,-14909581,1
2900900,BA,8212025,0
3147105,MG,38234412,0
1505106,PA,7092158,0
2604403,PE,4915463,0
4118204,PR,-151701784,0
2806206,SE,-1148826,0
5104542,MT,-3866440,0
2922003,BA,42210855,0
3128204,MG,2552317,0
3555356,SP,-188089,1
2616407,PE,-25447575,0
2608602,PE,1804203,0
2513802,PB,3867283,0
2616308,PE,29646062,0
4209854,SC,-3916093,0
2902658,BA,-11409169,0
4210605,SC,-4425381,0
2611408,PE,17124723,0
5216007,GO,861915,0
2511301,PB,39135679,0
2803906,SE,9241785,0
3118601,MG,303485766,0
2911105,BA,11729726,0
3503406,SP,-3062676,1
2609402,PE,57365778,0
2906808,BA,31946452,0
3520400,SP,-878542767,1
2411429,RN,841610,0
4127304,PR,-1702546,0
3507902,SP,-23329289,1
4315008,RS,551089,0
5213756,GO,2149283,0
2906824,BA,9758430,0
3511508,SP,-21057716,1
2611804,PE,29730218,0
3118304,MG,59077064,0
4111308,PR,1862607,0
5205703,GO,448558,0
3551108,SP,7752819,1
2303956,CE,10929312,0
4122602,PR,-324061,0
2901908,BA,9619765,0
2300606,CE,7337333,0
2504405,PB,33024731,0
3552809,SP,47750555,1
2508901,PB,58859776,0
2513505,PB,11770026,0
2933109,BA,1967633,0
1503408,PA,744125,0
3141504,MG,2112367,0
3504503,SP,68917671,1
5108402,MT,220135761,0
4106902,PR,-448706372,0
2407708,RN,9581526,0
2907509,BA,41295483,0
2605905,PE,12262637,0
3535705,SP,-2540015,1
3542909,SP,-8248580,1
2503100,PB,1752529,0
3128105,MG,3299361,0
3506300,SP,-106211,1
2502904,PB,9311185,0
2500536,PB,-493659,0
2507002,PB,24775600,0
3112901,MG,1913975,0
2104107,MA,-3762497,0
2406155,RN,-625661,0
2927002,BA,42985750,0
3106200,MG,1716046898,0
4314902,RS,1233249865,0
2604809,PE,8380755,0
2401909,RN,-2103822,0
2614600,PE,14218733,0
2605707,PE,20497234,0
4315602,RS,27492317,0
1100189,RO,682785,0
3543253,SP,-169772,1
2506251,PB,4226867,0
3512209,SP,10190002,1
5213103,GO,-50034222,0
4317103,RS,-15907760,0
2613909,PE,39633803,0
3543303,SP,78553414,1
2903607,BA,21522772,0
2503753,PB,502706,0
2411502,RN,11906141,0
5221551,GO,870654,0
2108603,MA,25140271,0
2600500,PE,26119821,0
2613305,PE,14365409,0
4304606,RS,317801134,0
3546256,SP,-62134,1
2509370,PB,241063,0
4108809,PR,-16637040,0
2906402,BA,17401313,0
4204301,SC,-57862800,0
4300851,RS,-2856346,0
5002001,MS,10099958,0
2415008,RN,3608628,0
3535507,SP,11063054,1
2704401,AL,6313330,0
5212105,GO,573233,0
3145604,MG,-47022059,0
4203501,SC,-5920413,0
3554508,SP,11878709,1
3524600,SP,-1714446,1
5219506,GO,-1920698,0
2411700,RN,1744808,0
2211001,PI,332683399,0
3512803,SP,71646155,1
2308500,CE,51147636,0
3517208,SP,10185181,1
2301802,CE,11722444,0
4319901,RS,-2383684,0
3113305,MG,2988026,0
3518305,SP,7450285,1
4204608,SC,199776090,0
3550100,SP,-4303730,1
2912004,BA,11075491,0
3205002,ES,118174455,0
3170107,MG,103680330,0
5102702,MT,-557467,0
4217105,SC,-1197347,0
2919926,BA,24997983,0
2607208,PE,16894804,0
3521606,SP,4890969,1
3545308,SP,-8012434,1
2604205,PE,12644536,0
2511608,PB,1824329,0
2614501,PE,6487680,0
3120904,MG,-16841055,0
3527405,SP,-3076043,1
2505303,PB,792856,0
2305902,CE,2361095,0
2506004,PB,-3129642,0
2604700,PE,-3027271,0
3544400,SP,-1520994,1
2804102,SE,-1561168,0
2602001,PE,6068647,0
4322509,RS,-2734583,0
4104204,PR,-33082717,0
3510203,SP,14964662,1
4304705,RS,-13920748,0
1503754,PA,1748880,0
2606309,PE,324153,0
5107909,MT,5735122,0
2919058,BA,17358193,0
2513158,PB,-488568,0
2905909,BA,4227895,0
3511102,SP,23245909,1
4103701,PR,23599153,0
2303501,CE,49033998,0
2504355,PB,580582,0
3552106,SP,-6913373,1
4206652,SC,-7662119,0
4206306,SC,-7283779,0
2502300,PB,2856394,0
4128203,PR,-42950979,0
5209952,GO,-7337782,0
2505006,PB,14925504,0
2610004,PE,32677853,0
2609600,PE,-19045736,0
2616001,PE,4607639,0
2510501,PB,1132371,0
2609709,PE,17711607,0
2512077,PB,-7002,0
3541109,SP,1287952,1
5107206,MT,-875148,0
5107925,MT,-169092508,0
3104304,MG,-1717493,0
5101407,MT,-8614057,0
2307601,CE,82900931,0
3506508,SP,66039179,1
2918753,BA,20296972,0
3546603,SP,-47962528,1
3531803,SP,11771410,1
2508000,PB,27292740,0
2514453,PB,1205132,0
5006200,MS,-5962060,0
3103751,MG,-61417643,0
4114302,PR,9626282,0
5209903,GO,6264547,0
2311959,CE,2220960,0
2931509,BA,13150630,0
2502508,PB,19195727,0
2607307,PE,13574823,0
3536901,SP,1325853,1
3525003,SP,-62477993,1
5102850,MT,-1108231,0
4317400,RS,-5763187,0
2514305,PB,6639975,0
2928703,BA,37358836,0
3555406,SP,-4923706,1
2920601,BA,4227303,0
3118007,MG,5542464,0
2600302,PE,13787594,0
3530805,SP,39644905,1
1501303,PA,-36765920,0
2805109,SE,11279472,0
5205208,GO,-471690,0
1506203,PA,36193917,0
2804607,SE,7737375,0
2611606,PE,871006436,0
2512721,PB,2201507,0
3102902,MG,429830,0
2932101,BA,3531195,0
2603801,PE,1826231,0
2413508,RN,27552,0
4203907,SC,-12560887,0
2603009,PE,17427974,0
3542602,SP,-3920774,1
2612455,PE,-10004763,0
5204953,GO,-727745,0
2615300,PE,-1892933,0
5211008,GO,-1428336,0
3512704,SP,-213250,1
2910057,BA,27299560,0
2504603,PB,63546793,0
2501906,PB,10842635,0
2104909,MA,-4728781,0
2507705,PB,10574460,0
2305357,CE,37230192,0
4219309,SC,-49002240,0
2405009,RN,5431122,0
2303600,CE,10927350,0
2609808,PE,3223880,0
2914109,BA,-1252506,0
2413607,RN,2578940,0
2931350,BA,101735790,0
2906873,BA,33880782,0
2512507,PB,3228887,0
2918308,BA,29903141,0
2613503,PE,-4036571,0
2405108,RN,2622893,0
2612901,PE,5247921,0
2407302,RN,307167,0
2306009,CE,15615707,0
2919801,BA,78018702,0
2603108,PE,9666714,0
2408706,RN,8036466,0
2926509,BA,10787607,0
2615201,PE,-1956655,0
5107875,MT,-24203663,0
1502707,PA,59787485,0
2801009,SE,8062011,0
2925931,BA,3531000,0
2928802,BA,8309930,0
2501351,PB,2368298,0
4204350,SC,-4643048,0
3120409,MG,-1057691,0
2906105,BA,10927624,0
2907202,BA,79377983,0
3538204,SP,-185546,1
2910206,BA,1266630,0
2506301,PB,44143142,0
5107768,MT,-13541786,0
3516705,SP,-14717677,1
2601409,PE,36504055,0
2509404,PB,17762818,0
2512606,PB,1303168,0
2604502,PE,13964019,0
2924009,BA,-34347120,0
2602605,PE,2350241,0
2606200,PE,-54196883,0
2408508,RN,-4686625,0
1506351,PA,1017098,0
2501609,PB,8665976,0
1101807,RO,-5842332,0
3203130,ES,-30327088,0
2503209,PB,-359852257,0
2911600,BA,19813334,0
2607950,PE,20323544,0
5104104,MT,-1750869,0
2513406,PB,958446,0
1304062,AM,3614449,0
2600708,PE,41570634,0
2904100,BA,5910836,0
2929008,BA,33735878,0
2510303,PB,2821321,0
2300705,CE,10200700,0
1300607,AM,22147202,0
2614006,PE,10743847,0
2919009,BA,-853925,0
2608107,PE,25389384,0
1508050,PA,7805594,0
5212956,GO,-974560,0
2930709,BA,164098452,0
2611705,PE,7050315,0
2516706,PB,15495103,0
4214300,SC,-3519730,0
2305605,CE,6234975,0
2112100,MA,7789125,0
3151800,MG,188402724,0
1502772,PA,4471312,0
3505708,SP,-199420889,1
2923209,BA,-23182260,0
2311801,CE,25735507,0
5219803,GO,21544228,0
2612208,PE,15002003,0
2600609,PE,4593496,0
2604155,PE,9471153,0
3168705,MG,138763435,0
2307502,CE,15203895,0
2600401,PE,31696854,0
3500709,SP,7890476,1
5215207,GO,-828882,0
4216909,SC,-6344206,0
2111300,MA,716146480,0
4214151,SC,-5279904,0
3532900,SP,-4032562,1
2610400,PE,16866388,0
3556404,SP,-3293624,1
3515194,SP,-2939256,1
4118857,PR,-781116,0
2900306,BA,8014531,0
5107065,MT,-4018634,0
2930907,BA,1237112,0
2208650,PI,-3750247,0
2510907,PB,3512,0
4205902,SC,-40293459,0
3512407,SP,-3559480,1
2502151,PB,-161314,0
3516200,SP,-110924103,1
2904407,BA,246756,0
2108256,MA,3854746,0
2614808,PE,573288,0
2920007,BA,10007761,0
3515004,SP,35354353,1
4108403,PR,-44430418,0
2932903,BA,68876598,0
4307906,RS,-3328390,0
4121000,PR,-941313,0
3548807,SP,101262597,1
3521309,SP,1540214,1
5216403,GO,3330357,0
2933307,BA,192722859,0
5219456,GO,1172843,0
4126009,PR,2777824,0
2605806,PE,6436687,0
5100300,MT,-803161,0
5006606,MS,-136979215,0
2602100,PE,23614665,0
2704906,AL,43339607,0
2902708,BA,-1236902,0
1503093,PA,38294799,0
2512408,PB,16564366,0
4207684,SC,-2408922,0
2903276,BA,-2363211,0
2509503,PB,1328342,0
5210406,GO,-552487,0
2806305,SE,36656322,0
4309209,RS,228641313,0
4208906,SC,26712336,0
2602308,PE,27014386,0
1502509,PA,3717579,0
4310603,RS,9072040,0
2600807,PE,13237249,0
2605202,PE,39256761,0
5204003,GO,-2247070,0
2406601,RN,10748237,0
3528502,SP,-42064336,1
2606606,PE,8070485,0
2920452,BA,2459265,0
2514404,PB,5406583,0
3124104,MG,20114604,0
3547908,SP,-2157827,1
2505501,PB,507975,0
2307007,CE,36438192,0
4122107,PR,596134,0
4304358,RS,-286253,0
1715705,TO,3960150,0
2303402,CE,-72831,0
2615508,PE,11238044,0
2608503,PE,41732923,0
3134004,MG,-1535129,0
3164001,MG,1318891,0
4117297,PR,-3688123,0
2406403,RN,145249,0
2600203,PE,6611050,0
2909604,BA,13422578,0
2914802,BA,396624235,0
2412906,RN,13922157,0
3522406,SP,17835774,1
2907806,BA,19818097,0
2601904,PE,24534427,0
2307700,CE,-38438265,0
2414001,RN,16998518,0
2602407,PE,543899,0
2516805,PB,10304308,0
2908903,BA,26179155,0
5201405,GO,-627401873,0
3113404,MG,52838931,0
3303500,RJ,468706735,0
4206702,SC,-5886669,0
4212106,SC,-16059846,0
5205000,GO,6012631,0
2304806,CE,9654467,0
2925402,BA,1708813,0
3552700,SP,-7060462,1
5002704,MS,71772602,0
2609907,PE,102491794,0
2614709,PE,5453513,0
5003207,MS,-18207533,0
2105005,MA,2698359,0
2103406,MA,13558026,0
4310413,RS,2003387,0
2929404,BA,3039235,0
2925600,BA,12441449,0
2608909,PE,9115313,0
2929107,BA,15381382,0
4115200,PR,74614216,0
2929305,BA,71222175,0
4215901,SC,-2731232,0
3534708,SP,13495460,1
3532827,SP,-5376436,1
3118908,MG,-66829,0
4218756,SC,-2847908,0
2509701,PB,15706403,0
2917607,BA,64169049,0
3303302,RJ,-57299462,0
2909901,BA,18075863,0
4209102,SC,421038250,0
2601201,PE,2280604,0
2917300,BA,8541358,0
1500701,PA,10799366,0
2613602,PE,4143685,0
3157906,MG,1540830,0
2920304,BA,-1901581,0
2501807,PB,99109779,0
3519071,SP,84599694,1
2602209,PE,-768031,0
2608800,PE,2609699,0
4201273,SC,-2864024,0
2412609,RN,6385668,0
2405702,RN,2478639,0
4304663,RS,-7570911,0
2805208,SE,916873,0
2300804,CE,3541,0
2601003,PE,506816,0
2405207,RN,4337049,0
2929909,BA,-19789795,0
2306702,CE,20666334,0
2802502,SE,5318612,0
3518701,SP,546556261,1
2609006,PE,-72537,0
2509156,PB,-17469604,0
2905602,BA,27493757,0
2109502,MA,2603756,0
2610509,PE,14317277,0
2611200,PE,5945524,0
2107803,MA,1219751,0
3522307,SP,91551081,1
2310902,CE,7879139,0
2807303,SE,6033420,0
2302057,CE,-436396,0
2923704,BA,16030550,0
2108900,MA,11401734,0
2102507,MA,1713761,0
2805406,SE,10521400,0
3505500,SP,176847417,1
2607406,PE,8454575,0
2924306,BA,13029996,0
3553500,SP,-7073880,1
2916856,BA,26153468,0
2303105,CE,-594335,0
5208707,GO,1274133385,0
3300456,RJ,308432376,0
2923407,BA,16878656,0
3303203,RJ,26683612,0
2301851,CE,25857768,0
3536208,SP,-11168417,1
1505700,PA,24370835,0
3511607,SP,-1349129,1
4111605,PR,-1048740,0
2300507,CE,5728707,0
4207858,SC,-2133891,0
3170206,MG,232555554,0
5205455,GO,6887955,0
3529906,SP,3577931,1
3501905,SP,-3538550,1
3529500,SP,-351764,1
3304904,RJ,435911118,0
3528809,SP,-1352957,1
5203500,GO,-29163794,0
3526001,SP,-3562645,1
4114609,PR,-33974379,0
2111201,MA,12443199,0
3519303,SP,14900279,1
4205605,SC,-3770550,0
2401602,RN,5945933,0
3510807,SP,17892215,1
2602902,PE,-97953565,0
4105508,PR,-36468181,0
3107406,MG,-10224474,0
4209177,SC,-1000295,0
3509007,SP,-4711986,1
3138203,MG,31024686,0
2403004,RN,-4215883,0
4302105,RS,7654553,0
4300604,RS,22481847,0
2408102,RN,396046845,0
4127007,PR,-1078393,0
3523206,SP,31402838,1
2103000,MA,137262486,0
3529609,SP,-3858129,1
4301602,RS,39180732,0
3551702,SP,-51153191,1
5204904,GO,-15085410,0
4320008,RS,-82263772,0
3169505,MG,292996,0
2600906,PE,15063857,0
2309458,CE,19018758,0
2301505,CE,2541101,0
2601607,PE,457249,0
2508802,PB,3772498,0
4306106,RS,55229161,0
2904308,BA,20442882,0
3521705,SP,2180744,1
1400506,RR,12806796,0
3131703,MG,6925813,0
2607604,PE,-6517455,0
2507200,PB,6273817,0
2309300,CE,1764457,0
3515608,SP,-2510346,1
2302107,CE,62428440,0
3537156,SP,-2858603,1
3517901,SP,-1522435,1
2302206,CE,29314109,0
4113700,PR,287330549,0
2601102,PE,73049984,0
2919207,BA,129374666,0
5216452,GO,-1006813,0
2504801,PB,35142632,0
2300903,CE,4712408,0
1715754,TO,-3167754,0
2603702,PE,2874819,0
3542206,SP,-2958888,1
3129806,MG,-265220681,0
2513000,PB,203469,0
5206206,GO,13634847,0
2610905,PE,35548663,0
3131307,MG,206113808,0
2922250,BA,4271904,0
3537800,SP,-12895141,1
2515807,PB,10923320,0
2410405,RN,6930991,0
5220207,GO,2878537,0
4101804,PR,-1100736346,0
1506807,PA,65712742,0
2413201,RN,-408446,0
4201208,SC,-2044617,0
3513850,SP,-1228617,1
2910404,BA,17113869,0
4323804,RS,-18059636,0
2414803,RN,6276186,0
3518800,SP,3754440421,1
5220264,GO,1360073,0
3543204,SP,-4306332,1
5006358,MS,1566506,0
3556701,SP,67184594,1
2930758,BA,11632359,0
2612604,PE,22074101,0
2513653,PB,14587910,0
2924108,BA,6460742,0
2601805,PE,7412524,0
3526902,SP,235921782,1
3552403,SP,507183225,1
1721000,TO,-17614553,0
2314003,CE,22178102,0
3115508,MG,-35235803,0
2920403,BA,16463832,0
2612471,PE,22251,0
3532868,SP,1749339,1
3121209,MG,-530679,0
2506905,PB,39724066,0
3501608,SP,603591671,1
2928109,BA,-46530815,0
5205406,GO,-16418282,0
4109807,PR,-23548580,0
4320859,RS,92260,0
2919157,BA,-2523076,0
2301901,CE,11257708,0
2918357,BA,15282362,0
2912509,BA,10730838,0
2601052,PE,26028487,0
3122900,MG,228251,0
2513604,PB,3167837,0
4202537,SC,-2327292,0
5202601,GO,-381142,0
2702702,AL,1642030,0
3205200,ES,-16206296,0
2311355,CE,6705444,0
4217006,SC,-3174571,0
2602803,PE,3049525,0
3130804,MG,-200222,0
2513208,PB,12715111,0
3126109,MG,7375649,0
2313252,CE,16240817,0
2607752,PE,-7051389,0
2924603,BA,7304364,0
3114303,MG,-5758413,0
2517100,PB,2317946,0
2512002,PB,31042400,0
1718501,TO,-1566464,0
2806800,SE,33870442,0
2517209,PB,219032,0
4211900,SC,-54892144,0
2907905,BA,28885897,0
2408003,RN,143746883,0
4207809,SC,-4002770,0
5201108,GO,135737907,0
2905404,BA,9640771,0
5212055,GO,550822,0
2907301,BA,20089644,0
4323002,RS,32160741,0
2920502,BA,5268174,0
2926707,BA,4299318,0
3518859,SP,3894270,1
4314407,RS,368237047,0
2903235,BA,-9883464,0
3104007,MG,-97509147,0
2406502,RN,12968220,0
2306108,CE,20801200,0
2409407,RN,30696256,0
2304202,CE,8401803,0
2804409,SE,14610670,0
2925956,BA,36817809,0
2911204,BA,38512541,0
3522604,SP,50694976,1
3507456,SP,-944875,1
2312601,CE,5134111,0
3526803,SP,-47829117,1
5222005,GO,1097679,0
2313906,CE,9728990,0
2401206,RN,5518997,0
3533700,SP,-3337073,1
2806909,SE,4295577,0
2931053,BA,20969441,0
2514602,PB,2080232,0
3305802,RJ,110411692,0
5201801,GO,4381969,0
3303401,RJ,-4586263,0
2402204,RN,34226073,0
2615607,PE,11049578,0
3535804,SP,-797308,1
2616506,PE,25228948,0
2611101,PE,155686625,0
2904209,BA,4104291,0
2605103,PE,11895196,0
3543402,SP,274098303,1
2925006,BA,155248,0
2607505,PE,-13611658,0
4313375,RS,-32699981,0
3106705,MG,381048179,0
2406700,RN,811390,0
2602704,PE,-2935322,0
4208203,SC,-166721661,0
2403301,RN,1000923,0
3501004,SP,-1134920,1
3303856,RJ,-13883311,0
2414753,RN,-81320,0
2508406,PB,5099129,0
2512754,PB,1967821,0
3301009,RJ,1069589230,0
2403202,RN,1735305,0
3170057,MG,2047836,0
2402907,RN,2949211,0
2109700,MA,158487,0
2900108,BA,13878537,0
2302602,CE,24718895,0
2404200,RN,45384723,0
4304630,RS,-22902793,0
2405504,RN,-967847,0
2601300,PE,9977710,0
2904605,BA,-18610469,0
2606101,PE,2564764,0
5219308,GO,40336738,0
3136702,MG,64516229,0
2306306,CE,-4368561,0
2931905,BA,124192563,0
2910800,BA,-215050045,0
3201308,ES,-35115644,0
2913606,BA,419017756,0
3554003,SP,41183260,1
2609154,PE,-1144127,0
2303808,CE,7993902,0
2407252,RN,-1828228,0
2921500,BA,35450781,0
2607901,PE,56847300,0
2708006,AL,40552450,0
2512705,PB,1692691,0
3533304,SP,-1591379,1
2601706,PE,17202193,0
2610707,PE,-5767488,0
2803302,SE,37145642,0
5221601,GO,20768090,0
2309409,CE,34618918,0
2926400,BA,33904043,0
2801702,SE,-1032651,0
2921302,BA,1413697,0
1502855,PA,894203,0
2501401,PB,13729405,0
2613206,PE,991877,0
2513307,PB,-4976172,0
2604106,PE,91380566,0
2604601,PE,30505233,0
5100201,MT,3222768,0
4126108,PR,-1519163,0
2105104,MA,21320236,0
1507466,PA,-2182634,0
2616100,PE,-3608,0
2105401,MA,53496706,0
1500503,PA,-7209143,0
4322400,RS,235503984,0
2607000,PE,6807409,0
2312908,CE,-60168480,0
2600054,PE,25974329,0
2932606,BA,8334803,0
2913804,BA,34996844,0
3144805,MG,-51476740,0
2923100,BA,4161482,0
3169406,MG,2115236,0
5205059,GO,14180087,0
2412500,RN,3040333,0
2928000,BA,5861487,0
2608206,PE,6355190,0
3507605,SP,-58805905,1
2614105,PE,2554964,0
2107456,MA,474280,0
2921054,BA,3658393,0
2515401,PB,17569587,0
2503308,PB,-1264803,0
2510006,PB,1604792,0
2915353,BA,13649352,0
2407807,RN,756124,0
2502409,PB,9562229,0
2911857,BA,7422510,0
4208302,SC,-36452543,0
1500602,PA,2278046,0
5008305,MS,-248238254,0
3301900,RJ,32460360,0
4109906,PR,1656971,0
3547809,SP,1307660246,1
3134400,MG,29753244,0
2505600,PB,3602554,0
2610608,PE,73950754,0
2905206,BA,81395446,0
2902203,BA,1818784,0
4209607,SC,762948,0
2209153,PI,125789,0
2703502,AL,4179980,0
2108207,MA,17399599,0
2311009,CE,13098039,0
3524808,SP,8796899,1
2310852,CE,18402444,0
2932002,BA,20575342,0
2603454,PE,28688766,0
1501709,PA,-20062303,0
2601508,PE,10089335,0
2405306,RN,-4547117,0
2401651,RN,1536210,0
2910859,BA,5294775,0
5003157,MS,-8181115,0
2506608,PB,1718427,0
2704302,AL,84466684,0
2515500,PB,3121197,0
1504976,PA,13176136,0
2922904,BA,29439422,0
2921708,BA,11713438,0
2408953,RN,6477528,0
2903706,BA,42420923,0
2610301,PE,8545460,0
2913408,BA,33771483,0
2506400,PB,13632870,0
5215231,GO,59444401,0
2903805,BA,-466019,0
1713205,TO,15933740,0
2107605,MA,-2102727,0
2614303,PE,9690,0
1705508,TO,17416176,0
5206701,GO,-750698,0
2105807,MA,11623201,0
2611507,PE,-1803988,0
2103604,MA,-3416759,0
2411106,RN,7266624,0
2513927,PB,42506,0
2105948,MA,-227373,0
2900405,BA,20212649,0
2514909,PB,1507883,0
3169307,MG,22681043,0
2510808,PB,53127049,0
2516755,PB,-1362584,0
2306405,CE,45572415,0
2606804,PE,-25023174,0
2311405,CE,80497993,0
2305407,CE,66128953,0
2908408,BA,55063444,0
5203575,GO,-3950070,0
2910008,BA,46769630,0
2606507,PE,14252514,0
4204756,SC,-1996548,0
5210307,GO,7750717,0
1506195,PA,2156117,0
2609501,PE,61457696,0
2302701,CE,53020012,0
2604908,PE,17777419,0
3506003,SP,11039580,1
2912707,BA,56731310,0
2917359,BA,-3659527,0
5105622,MT,-9169482,0
2303709,CE,52620507,0
4211850,SC,-2220569,0
2514552,PB,1325299,0
5220058,GO,3167032,0
1200708,AC,-3195841,0
1505536,PA,-251679650,0
2705705,AL,-28711109,0
2915106,BA,20403468,0
2102903,MA,4703910,0
2102374,MA,-1290571,0
1707702,TO,808537,0
2915809,BA,68653277,0
3205309,ES,-28018417,0
2922102,BA,20105093,0
1400233,RR,13715135,0
2304285,CE,-139047174,0
1718907,TO,-1033612,0
2516508,PB,7536696,0
2411007,RN,-628888,0
2901353,BA,6955576,0
2607653,PE,27834349,0
2505402,PB,3307379,0
4216107,SC,-1811153,0
2410702,RN,813051,0
2503001,PB,1652117,0
2914604,BA,85052267,0
2105302,MA,159619029,0
2924058,BA,9138556,0
2107100,MA,17678473,0
2106508,MA,1662622,0
2310258,CE,21459813,0
2505204,PB,7833140,0
2400802,RN,1715145,0
2611309,PE,4779288,0
1200054,AC,-3457057,0
2503555,PB,-14133417,0
2506707,PB,15233258,0
1507755,PA,591657,0
2302008,CE,12708300,0
2508604,PB,19896213,0
3201209,ES,-127491993,0
2503704,PB,39722492,0
3521101,SP,-3793509,1
5220157,GO,-11449689,0
3528908,SP,-1769614,1
3111309,MG,344114,0
2612109,PE,10103745,0
2408904,RN,2527351,0
3554102,SP,175069172,1
2501153,PB,-515272,0
2413359,RN,3705445,0
4205431,SC,-3910512,0
3540002,SP,-1490313,1
5107792,MT,-11839915,0
3549300,SP,-1771136,1
3138708,MG,-607168,0
4311759,RS,-1254071,0
4210555,SC,-3193851,0
3544202,SP,1285151,1
2511202,PB,32189176,0
5215603,GO,2309755,0
3146107,MG,-33446874,0
3527702,SP,80419,1
2931707,BA,16668678,0
2308708,CE,10157216,0
3546702,SP,865528,1
4303004,RS,8543058,0
2304707,CE,23540171,0
3306156,RJ,-1676034,0
2514701,PB,6395906,0
3169901,MG,-11794871,0
5215900,GO,-85771,0
3503109,SP,10362276,1
2108405,MA,117291,0
5203401,GO,-2619734,0
5108857,MT,-3129645,0
5105150,MT,771704,0
5218607,GO,-1176777,0
2906600,BA,9763171,0
2507309,PB,9712342,0
5203906,GO,46897396,0
2909208,BA,27611447,0
4204103,SC,-6155329,0
5106190,MT,-1234402,0
3547502,SP,2871710,1
3509601,SP,30643641,1
3557303,SP,4379743,1
4103156,PR,-1277195,0
5106422,MT,-41683767,0
3509106,SP,15186721,1
3152501,MG,-76392099,0
2513703,PB,72719178,0
3526100,SP,-377973,1
2920205,BA,17442518,0
4203154,SC,2744475,0
4207908,SC,-620294,0
2922409,BA,-264325,0
2100055,MA,-23330029,0
3534807,SP,400589,1
1702406,TO,658888,0
5214861,GO,868186,0
2910602,BA,71446915,0
2930006,BA,27047417,0
2202604,PI,30927,0
2411809,RN,-1160912,0
5221080,GO,5265478,0
2508307,PB,5332463,0
4111803,PR,-4925229,0
3148905,MG,635879,0
2309904,CE,15468042,0
2305803,CE,5944510,0
3519253,SP,-197365,1
2106102,MA,-1494456,0
3161106,MG,22692363,0
2105153,MA,202829,0
2304509,CE,4641305,0
2922052,BA,-1744607,0
5212709,GO,1387867,0
2919553,BA,-4522598,0
5218052,GO,-5255056,0
2101400,MA,-9384416,0
2512101,PB,18595593,0
3531506,SP,4610924,1
3111200,MG,-29429167,0
1500305,PA,52261727,0
2307106,CE,35533297,0
3529401,SP,1155975427,1
2414407,RN,25972878,0
3518404,SP,33936127,1
3549706,SP,62967306,1
2302305,CE,3417177,0
1507904,PA,2628267,0
2206407,PI,159165,0
2408201,RN,-281857,0
2409100,RN,5665939,0
2308203,CE,5099533,0
1718865,TO,887078,0
2929206,BA,145020341,0
2505105,PB,2779350,0
2407401,RN,2103356,0
3534005,SP,-7995558,1
2922201,BA,1917119,0
4303103,RS,72689532,0
3109501,MG,997942,0
2923605,BA,51774192,0
3527256,SP,-2369173,1
4310850,RS,-2610112,0
3101607,MG,46440480,0
1500206,PA,130352549,0
5209804,GO,-585437,0
3517406,SP,-341366,1
3512308,SP,5065203,1
1507474,PA,-7290756,0
3546405,SP,2193955,1
5209705,GO,-5787760,0
3532801,SP,-1190699,1
3523503,SP,-3185515,1
5003702,MS,130396707,0
3551801,SP,2763398,1
3521002,SP,17365162,1
3304201,RJ,-17235827,0
3516309,SP,-44870983,1
4107009,PR,1621366,0
2304269,CE,2396406,0
2516201,PB,25494360,0
4112751,PR,-1646886,0
4304689,RS,1417188,0
2306504,CE,15586070,0
5205307,GO,1715038,0
3549102,SP,-22311113,1
3551900,SP,46282,1
2311306,CE,42185803,0
5216908,GO,1795830,0
3170404,MG,-8482775,0
2100832,MA,326357,0
4204806,SC,-36402897,0
3112000,MG,1407605,0
2933208,BA,20575746,0
2510105,PB,9364504,0
4301107,RS,4084930,0
4102703,PR,-1953407,0
2915304,BA,16814656,0
3527207,SP,-10936199,1
3162922,MG,11857757,0
5215256,GO,-5560365,0
4207700,SC,-3682015,0
2504009,PB,523276978,0
5214705,GO,780535,0
2923001,BA,38697561,0
2801504,SE,22762955,0
2100956,MA,-916418,0
2706000,AL,-7646772,0
4208401,SC,-7931465,0
2924504,BA,31298935,0
2509909,PB,5924920,0
4314068,RS,-2237540,0
3115102,MG,2328136,0
2313807,CE,3919573,0
2929255,BA,-653291,0
2104602,MA,8450233,0
1701309,TO,4285301,0
3546801,SP,-8096730,1
2909703,BA,1401464,0
2411601,RN,-1161263,0
4320354,RS,-3482389,0
3502101,SP,64952632,1
2930154,BA,19779218,0
2312007,CE,40372649,0
3505203,SP,-960674,1
2914505,BA,17781404,0
3112505,MG,9160183,0
3553401,SP,-7366351,1
2300150,CE,47499787,0
2308906,CE,-2116724,0
3500550,SP,-4277556,1
5003801,MS,10595575,0
3517000,SP,-273382,1
3514601,SP,735862,1
4219705,SC,2102895,0
3549805,SP,-32444296,1
2500809,PB,31801053,0
1715507,TO,-878553,0
1504208,PA,33345538,0
2306801,CE,12804579,0
5208806,GO,3483108,0
2305332,CE,19568680,0
3300233,RJ,-3140600,0
2309706,CE,27586764,0
3534609,SP,-9623659,1
1500131,PA,-762450,0
5219712,GO,-6987855,0
2301406,CE,10647728,0
2309607,CE,61839343,0
5204656,GO,3491528,0
2406106,RN,6114521,0
2508554,PB,2866094,0
2102150,MA,2619038,0
3123205,MG,16450762,0
2907558,BA,9005305,0
2306256,CE,11281557,0
4120606,PR,-4921698,0
2915205,BA,25487241,0
2701001,AL,6249737,0
2803708,SE,-1032651,0
2300754,CE,44091724,0
2409308,RN,1549393,0
1508084,PA,-6580495,0
2313500,CE,14438587,0
3527900,SP,-433523,1
2509800,PB,16296608,0
2306553,CE,13311507,0
3501806,SP,4037229,1
2302909,CE,15303909,0
2901601,BA,23531039,0
2100873,MA,-2723148,0
2923035,BA,812004,0
3306305,RJ,699165231,0
2309102,CE,16494954,0
3546108,SP,-975212,1
3166204,MG,345468,0
3518206,SP,9604608,1
3521408,SP,43313938,1
2310704,CE,29582835,0
2313757,CE,14493031,0
2922755,BA,25848432,0
2500502,PB,614114,0
2313351,CE,5943660,0
2300101,CE,18248497,0
1506559,PA,140400,0
2312700,CE,2789,0
3101102,MG,-798783,0
2310407,CE,11219250,0
2706406,AL,-20136505,0
3114501,MG,-1674817,0
2505907,PB,5956941,0
2304004,CE,10937025,0
3303906,RJ,197529429,0
2916500,BA,8990926,0
2313559,CE,6991889,0
2708402,AL,3652650,0
2511707,PB,2729579,0
2919900,BA,322121,0
4213153,SC,-1500542,0
2929503,BA,29349603,0
2301109,CE,35088305,0
2200053,PI,187638,0
2507408,PB,5517194,0
2107209,MA,3050482,0
1400308,RR,24242604,0
2905008,BA,10174380,0
2912103,BA,45535703,0
3302809,RJ,-11945246,0
2303204,CE,25768147,0
2307403,CE,5898869,0
2311603,CE,19979885,0
1101500,RO,-7553163,0
2505352,PB,-92945,0
2503407,PB,4899659,0
2911303,BA,3002594,0
2507606,PB,17129223,0
2114007,MA,19737211,0
2104404,MA,65092,0
1501006,PA,-871499,0
3107505,MG,-1961758,0
2504900,PB,13748036,0
2509107,PB,21847491,0
2908804,BA,6763642,0
5107958,MT,-80500809,0
2110005,MA,3640932,0
1200344,AC,9084492,0
1200807,AC,928677,0
3301850,RJ,12541016,0
3522703,SP,835932,1
2307635,CE,19495349,0
1502301,PA,44891359,0
2506806,PB,21978582,0
2510402,PB,-164340,0
3547205,SP,-4777457,1
2911808,BA,80233507,0
2502201,PB,11748604,0
1101484,RO,-4481228,0
2304608,CE,7263181,0
1200351,AC,4217616,0
2503605,PB,11852274,0
2515609,PB,4376842,0
4213401,SC,-2126345,0
3544806,SP,-1230975,1
3302205,RJ,35090110,0
3549953,SP,8901167,1
3516101,SP,2364765,1
4121109,PR,-1603164,0
4207502,SC,15114465,0
4200101,SC,-6927897,0
2501500,PB,24079104,0
1506583,PA,-3069750,0
2916005,BA,12319644,0
4209706,SC,-1106460,0
5203203,GO,9098257,0
4215109,SC,-2027500,0
1505650,PA,-10470214,0
3301801,RJ,-6098851,0
1501758,PA,-1062614,0
2705309,AL,4366101,0
2913705,BA,42817740,0
3523701,SP,679320,1
2901155,BA,9559912,0
4214805,SC,17943729,0
2111102,MA,8184850,0
5207253,GO,-2768794,0
4306429,RS,-893009,0
3536570,SP,-1066918,1
4217154,SC,-2333427,0
2703106,AL,-2224054,0
3509502,SP,1589844082,1
4314209,RS,-3132974,0
2901809,BA,-1299466,0
3544004,SP,72123627,1
3545704,SP,-1417919,1
1100379,RO,-7540682,0
2705002,AL,23991531,0
2310951,CE,-1572884,0
2706208,AL,1489145,0
2928901,BA,16753762,0
2109106,MA,104880,0
3171303,MG,-14363528,0
2208858,PI,-210327,0
2911709,BA,32219131,0
2405801,RN,-2273915,0
2918902,BA,2859980,0
2923506,BA,11729070,0
3548054,SP,-50137,1
2307908,CE,4642617,0
2312205,CE,27098756,0
3125705,MG,17370603,0
1500800,PA,-33792355,0
3502903,SP,-17216886,1
2307254,CE,10227326,0
2205151,PI,2283,0
2402402,RN,2183127,0
2303907,CE,737270,0
2902005,BA,27114750,0
2511103,PB,21065642,0
2908101,BA,13779703,0
2112605,MA,24048378,0
2300309,CE,40659372,0
2301208,CE,36612634,0
2701902,AL,3594166,0
2922854,BA,-2533532,0
5219100,GO,1609077,0
2701803,AL,3490649,0
2400208,RN,-11115993,0
1503077,PA,36395026,0
5217203,GO,7326531,0
5203807,GO,15361198,0
2413102,RN,3633604,0
4122651,PR,-881922,0
4211454,SC,-3562339,0
3532702,SP,779253,1
5216304,GO,10976775,0
4201950,SC,-234562,0
3107307,MG,40325824,0
2101707,MA,-12671563,0
2933505,BA,20614525,0
1508126,PA,-496972,0
2110807,MA,1173897,0
5103502,MT,27889666,0
2922656,BA,9487326,0
4218905,SC,-1716966,0
2310100,CE,19859493,0
1703909,TO,2946256,0
5220280,GO,-1186924,0
4219358,SC,-2829272,0
1703206,TO,-1152474,0
3116407,MG,-295150,0
3508801,SP,18066496,1
3548906,SP,155613330,1
1701101,TO,-193134,0
2307304,CE,93205531,0
4202701,SC,-2681605,0
2106375,MA,-197766,0
5204557,GO,27051,0
2401107,RN,-13761780,0
2401305,RN,1559818,0
4205506,SC,-7297327,0
2103158,MA,4748438,0
3147600,MG,3472284,0
2311264,CE,-2449753,0
2410256,RN,1250027,0
3149309,MG,-8571906,0
4106803,PR,-1684140,0
5106232,MT,-10925139,0
2920809,BA,19229710,0
2917003,BA,31556898,0
2918001,BA,105676392,0
2506103,PB,18871074,0
3553005,SP,-96051,1
2918209,BA,13915904,0
2309805,CE,4844298,0
3538006,SP,-42968173,1
2801108,SE,-1074688,0
5106224,MT,-52117437,0
3556305,SP,3233714,1
2914653,BA,-13324565,0
2413904,RN,14044109,0
2300200,CE,13253070,0
2908606,BA,29453872,0
2101731,MA,9882236,0
2206902,PI,1159693,0
1504422,PA,182343028,0
2305001,CE,14448773,0
3540903,SP,-8823886,1
5211305,GO,548583,0
2931202,BA,37855306,0
1200336,AC,10013159,0
2102408,MA,7563445,0
2925204,BA,25100160,0
5213087,GO,-12063453,0
2917904,BA,10726709,0
1505601,PA,-213734,0
2933604,BA,28405555,0
2202026,PI,-2182382,0
3126901,MG,3344382,0
2100501,MA,-1224975,0
2103208,MA,35879472,0
2313302,CE,-24166655,0
2102101,MA,14453330,0
2911501,BA,29237574,0
2211308,PI,609706,0
1502939,PA,67478197,0
3516853,SP,-22640600,1
3158300,MG,-1333964,0
2926202,BA,16692468,0
3127206,MG,403639,0
2101004,MA,28891421,0
2914406,BA,7510856,0
1709500,TO,-56158392,0
2106359,MA,-1828773,0
1718204,TO,-40626052,0
2928059,BA,30697602,0
3118700,MG,4787313,0
4211405,SC,-234576,0
3164902,MG,-3698493,0
1720903,TO,-14577891,0
1702703,TO,-2188247,0
3137908,MG,620021,0
2515302,PB,57640137,0
2902302,BA,1818052,0
3304805,RJ,46977191,0
2915007,BA,16532455,0
3305133,RJ,-6951890,0
2409902,RN,10576117,0
2927309,BA,4040754,0
2929057,BA,-20111669,0
2203909,PI,17092017,0
2101939,MA,-4006629,0
2924678,BA,7879239,0
2704708,AL,-98474390,0
2930600,BA,13194468,0
4202875,SC,-3555284,0
4213005,SC,-16127125,0
4112108,PR,-18442377,0
3506201,SP,-1504632,1
3529203,SP,-2023019,1
2921450,BA,4668037,0
3555505,SP,-1180203,1
4201307,SC,-13955605,0
2803500,SE,14629356,0
3516408,SP,-38704313,1
5200829,GO,-2590763,0
4220000,SC,-10224024,0
3553856,SP,-1557534,1
2930105,BA,52950170,0
1600238,AP,-4417722,0
2927606,BA,18747391,0
5200308,GO,4843983,0
5204409,GO,-3246514,0
2305506,CE,78481928,0
5103452,MT,-4106663,0
3553203,SP,-1108711,1
4106555,PR,-1349190,0
4107108,PR,-2762733,0
3153004,MG,-1188304,0
3519709,SP,84417425,1
2931400,BA,-8275961,0
2926905,BA,5937531,0
1505551,PA,10558444,0
2904050,BA,-14461210,0
2402303,RN,15698606,0
4103909,PR,7482997,0
3533205,SP,-115143,1
3513108,SP,11574400,1
2900603,BA,16730897,0
3520905,SP,4995731,1
3555802,SP,152632,1
1507979,PA,3832710,0
2701209,AL,2208958,0
3540606,SP,10781989,1
2407104,RN,-34435057,0
4202156,SC,-1802096,0
4210050,SC,-3569001,0
1504604,PA,25302128,0
1100346,RO,-1207323,0
2901403,BA,-4593964,0
1503606,PA,193559840,0
1504059,PA,-178148,0
2413805,RN,-106750,0
3135605,MG,3667651,0
5200605,GO,-322590,0
2928604,BA,95329163,0
2910503,BA,77416528,0
3301157,RJ,853110,0
4216008,SC,-2820665,0
2901700,BA,13105913,0
3301702,RJ,316454970,0
2923803,BA,12010261,0
2103307,MA,89197978,0
3169208,MG,-306671,0
3302908,RJ,-15522918,0
3522208,SP,-24344135,1
3538907,SP,738759,1
4218855,SC,-3024727,0
2907103,BA,31324486,0
3146206,MG,2229613,0
2927101,BA,15979610,0
2801306,SE,-4800230,0
5205802,GO,945387,0
3555109,SP,-4827281,1
2927507,BA,22112688,0
3305000,RJ,53923348,0
3520301,SP,67308984,1
3524709,SP,14331055,1
1100106,RO,21888560,0
5211909,GO,73149511,0
3520004,SP,-3803052,1
3506904,SP,-4440704,1
4215208,SC,-1276161,0
1720002,TO,256209,0
3304144,RJ,-94469740,0
2401859,RN,-66728,0
2303659,CE,9340507,0
3553955,SP,-6716358,1
4214102,SC,-2726179,0
2803005,SE,-6292304,0
2615805,PE,3078543,0
5208400,GO,9112428,0
3524303,SP,66541550,1
2915601,BA,80054278,0
2110278,MA,11166278,0
3170701,MG,72633880,0
5108501,MT,-1824610,0
3555703,SP,-750404,1
4202073,SC,-1724464,0
2928406,BA,44887059,0
2800605,SE,-2542250,0
2106003,MA,-6991838,0
4127106,PR,-43441666,0
2311702,CE,14013897,0
2800100,SE,-145308,0
2907608,BA,9095499,0
1502103,PA,-9573683,0
2926608,BA,64547116,0
2915700,BA,32908230,0
4217600,SC,-3049631,0
1505205,PA,-512952,0
1600535,AP,-6489660,0
2911006,BA,42797517,0
2903102,BA,-1282834,0
1502400,PA,1728812,0
2925501,BA,18973517,0
2806503,SE,-776277,0
4202909,SC,3952727,0
2932705,BA,28300371,0
1506500,PA,-4028341,0
2401404,RN,5443676,0
3502408,SP,-1375608,1
3128709,MG,-16114391,0
3517703,SP,10364453,1
4210407,SC,660235,0
5218706,GO,-321855,0
4119202,PR,-2228819,0
3539707,SP,-2726021,1
2800506,SE,5968619,0
2806404,SE,-471030,0
2805703,SE,17738922,0
2406304,RN,6446861,0
2805802,SE,40076979,0
4219408,SC,-4178748,0
1502202,PA,27469708,0
2403756,RN,2277380,0
3136207,MG,-7985096,0
2401800,RN,2908447,0
3522653,SP,-700795,1
4108304,PR,53123761,0
4303608,RS,-2292805,0
3542503,SP,-2929682,1
4206751,SC,-4632244,0
2921203,BA,-1856954,0
3532843,SP,-771311,1
4212650,SC,13005,0
2403509,RN,528536,0
2903409,BA,97783568,0
4103107,PR,-3622725,0
3511003,SP,-13489732,1
4112702,PR,-609630,0
2805307,SE,-296214,0
3553807,SP,-9181876,1
2112704,MA,971516,0
1506104,PA,5499634,0
4203204,SC,-17853805,0
2403806,RN,-231824,0
2922607,BA,45520645,0
2907400,BA,1720445,0
3160603,MG,712597,0
2907004,BA,4028982,0
2904506,BA,-823318,0
2404853,RN,-968470,0
2925808,BA,49177269,0
2929800,BA,7966787,0
4115739,PR,672696,0
3554755,SP,-23660,1
2804805,SE,135672913,0
1200427,AC,-1408686,0
2906857,BA,17202918,0
2807006,SE,149298,0
2919306,BA,657536,0
2802304,SE,8372986,0
2806107,SE,8323979,0
3114402,MG,2645651,0
4100301,PR,1110908,0
2705101,AL,9938587,0
4117305,PR,-16835351,0
2804300,SE,-745516,0
1505031,PA,17190568,0
5217708,GO,-7816148,0
5215702,GO,-13723637,0
1505502,PA,-56324849,0
3546900,SP,613991,1
3509700,SP,87704534,1
3500758,SP,-3951410,1
5203302,GO,-13091782,0
3543501,SP,976163,1
3536307,SP,-6307255,1
1503044,PA,-2431666,0
3525201,SP,40560163,1
3515905,SP,-1535282,1
4212601,SC,-3073353,0
3545100,SP,1248045,1
3137601,MG,-29411747,0
3547700,SP,-3891487,1
3541802,SP,73613,1
2927903,BA,11911613,0
2800209,SE,3239099,0
4214508,SC,-1292523,0
3521804,SP,3919370,1
2304236,CE,8395268,0
4216602,SC,-37430874,0
2112209,MA,103010840,0
2107357,MA,-193771,0
3517604,SP,-3163627,1
3519105,SP,-336544,1
2803401,SE,-3755651,0
2924652,BA,2434475,0
2903300,BA,10783522,0
2805901,SE,-2828453,0
3520202,SP,-5762867,1
2909505,BA,17459755,0
3105905,MG,1958581,0
5213400,GO,943346,0
2412559,RN,7248152,0
2112803,MA,-970712,0
5213707,GO,-3844571,0
5106307,MT,-40199400,0
5007901,MS,9354349,0
1709005,TO,11379604,0
5221809,GO,-4228159,0
3154150,MG,1202280,0
3518503,SP,4052631,1
1706100,TO,434534,0
2603207,PE,5347771,0
2410306,RN,-3191976,0
2301604,CE,1527400,0
2807402,SE,19255064,0
2930774,BA,11241081,0
1504000,PA,23000731,0
2805505,SE,3453530,0
2408409,RN,-3901747,0
1200500,AC,47671200,0
2903003,BA,4587628,0
2930501,BA,15448535,0
3531308,SP,-42138831,1
3552304,SP,-1897564,1
5102686,MT,-6608294,0
3516804,SP,508951,1
5211800,GO,-23456908,0
3123007,MG,2190481,0
4105201,PR,5985613,0
3546009,SP,3556366,1
5203962,GO,2111676,0
3550506,SP,352271,1
2408300,RN,26615474,0
2906907,BA,34413793,0
2804003,SE,20210536,0
2110708,MA,-4624358,0
3502507,SP,2679886,1
4301909,RS,-2347449,0
2411205,RN,11786808,0
2106201,MA,6727129,0
2807600,SE,1874291,0
2929701,BA,31739790,0
5214507,GO,-2938002,0
3510005,SP,-11368304,1
2804201,SE,-569874,0
3170602,MG,10267,0
4126256,PR,-32223943,0
3143104,MG,15333071,0
2923050,BA,28928879,0
2802700,SE,-2746972,0
2413003,RN,-1066160,0
3537909,SP,-11410422,1
2211357,PI,1088022,0
2409803,RN,5172836,0
2925758,BA,21198556,0
2109239,MA,-527628,0
3508504,SP,83651244,1
1708304,TO,3333903,0
2709103,AL,4001256,0
3537404,SP,-8124055,1
3551306,SP,447143,1
2916906,BA,21391314,0
3549409,SP,9362021,1
3501152,SP,49857097,1
3169703,MG,2083629,0
3513801,SP,489284831,1
3547403,SP,524384,1
3202652,ES,2506271,0
3542305,SP,229941,1
4305173,RS,-3495189,0
4205001,SC,944079,0
3503802,SP,53476074,1
2918506,BA,11355799,0
5107354,MT,-5161114,0
4205555,SC,-2007699,0
2802809,SE,-553809,0
3152131,MG,-200102,0
3510609,SP,140100635,1
5213806,GO,15482648,0
3504008,SP,44220152,1
2930204,BA,33209362,0
3557204,SP,2671464,1
2906204,BA,29962511,0
5207600,GO,3956446,0
2705200,AL,4653429,0
2112001,MA,21538970,0
3163409,MG,1227981,0
3543006,SP,-782190,1
2705903,AL,1642925,0
3507704,SP,-910681,1
4115903,PR,10465233,0
2310209,CE,41741365,0
2928950,BA,9403852,0
2916104,BA,17518872,0
3201159,ES,-7820173,0
2410801,RN,-561778,0
2800407,SE,11776629,0
2931608,BA,40980806,0
2800670,SE,-1540572,0
2806701,SE,84017191,0
2917409,BA,-1479786,0
5208905,GO,34583691,0
2910776,BA,6091726,0
5207105,GO,-3314725,0
3525102,SP,-25333539,1
2912400,BA,6391403,0
1506708,PA,6724115,0
1505486,PA,-3826079,0
3518909,SP,-4303436,1
4203253,SC,-4236404,0
3143609,MG,64945,0
3525508,SP,-310989,1
3200201,ES,1173696,0
4114401,PR,6817007,0
2706901,AL,21752059,0
3519006,SP,1021424,1
4212007,SC,-1513551,0
3138401,MG,-2236299,0
4215406,SC,-29111627,0
3102100,MG,175963,0
4125506,PR,-274302911,0
3530003,SP,20428,1
3139409,MG,-642079,0
4210852,SC,-3838108,0
3158003,MG,-3471802,0
5209101,GO,50135362,0
2918803,BA,17718152,0
2305209,CE,7107708,0
2803807,SE,-577978,0
3520442,SP,-7600757,1
3514007,SP,-6129074,1
3554656,SP,-1632539,1
3529302,SP,105928987,1
2802205,SE,952714,0
2912806,BA,3915631,0
1718451,TO,141490,0
2805604,SE,40222786,0
4210001,SC,-8922940,0
2308104,CE,3740696,0
3304508,RJ,7432359,0
3148202,MG,-230241,0
2902807,BA,42691202,0
2801603,SE,12380246,0
4211306,SC,-10486462,0
4128534,PR,-4058089,0
5213772,GO,2059926,0
3160108,MG,-1864996,0
4202602,SC,-2039910,0
2803609,SE,19607634,0
3302601,RJ,63018046,0
4123857,PR,1432850,0
2302503,CE,-42765918,0
3507209,SP,-3470154,1
4107900,PR,-2103418,0
3514106,SP,-17315155,1
3537305,SP,75708277,1
3304102,RJ,-6795850,0
2921807,BA,13139422,0
2308302,CE,-12321756,0
2914208,BA,9516062,0
4201802,SC,-2027265,0
1508100,PA,23757992,0
3204104,ES,772342,0
4105805,PR,-104502729,0
2922300,BA,47958550,0
4209003,SC,-59348930,0
1702208,TO,-8187813,0
2804508,SE,-8364302,0
3300159,RJ,18741765,0
5108600,MT,-5488271,0
1507805,PA,-877876,0
2109809,MA,14161214,0
1720150,TO,-1118792,0
2701704,AL,5933281,0
3513504,SP,-246740622,1
2904753,BA,3384894,0
2933059,BA,2949716,0
3165560,MG,501892,0
2904803,BA,31311937,0
3152600,MG,928446,0
2924702,BA,34744817,0
2803104,SE,-965815,0
5207535,GO,4623202,0
1200328,AC,-2938455,0
2932408,BA,6535176,0
4216503,SC,-17746438,0
2916807,BA,32689889,0
3114808,MG,424866,0
2312304,CE,14416014,0
3537107,SP,31263430,1
5202155,GO,3486003,0
2908002,BA,71094896,0
3119401,MG,-48989533,0
4203956,SC,-8924012,0
1716653,TO,-1120177,0
3541208,SP,6982506,1
3304607,RJ,3435970,0
3554300,SP,4610119,1
1711803,TO,256923,0
5104906,MT,-1633513,0
5106000,MT,-717927,0
4106456,PR,1001430,0
3157807,MG,-63294963,0
2305100,CE,5371118,0
2202653,PI,43511,0
3519808,SP,3483718,1
1501600,PA,9154446,0
4202131,SC,4747002,0
2308807,CE,2748810,0
3501301,SP,2593365,1
4206801,SC,-5262173,0
3101805,MG,2580791,0
3505302,SP,-160442,1
4215059,SC,-441238,0
3100401,MG,-364186,0
3526209,SP,24381256,1
2804904,SE,12423377,0
3160959,MG,-1620488,0
3117876,MG,-2354987,0
3509254,SP,-14465702,1
3514957,SP,-2561113,1
2308401,CE,30998221,0
2209609,PI,2252140,0
2921401,BA,3583518,0
2310605,CE,-1326328,0
3514304,SP,-1435921,1
5213905,GO,-589395,0
3513405,SP,84784394,1
4112504,PR,-6471659,0
2612307,PE,-195398,0
3550803,SP,-1331245,1
2918407,BA,179046313,0
2902500,BA,21090553,0
2906303,BA,49920303,0
1701903,TO,1602302,0
2311108,CE,-3467904,0
2103901,MA,-450478,0
2200103,PI,347723,0
2906501,BA,177561081,0
2801207,SE,996037,0
3556354,SP,-1622799,1
3505005,SP,-2869236,1
2903904,BA,40865985,0
1503705,PA,-1407045,0
5221304,GO,909658,0
5219704,GO,8004757,0
3520509,SP,-412830992,1
4212304,SC,938310,0
3535309,SP,-1617528,1
3506706,SP,-1336824,1
3515301,SP,7181603,1
5207501,GO,2010302,0
4116000,PR,-501288,0
2914703,BA,-5667519,0
2932457,BA,-1647187,0
3555307,SP,5069402,1
3154507,MG,625104,0
4101507,PR,-20701507,0
4203808,SC,-12633614,0
2801900,SE,-2025876,0
4301206,RS,-4979640,0
3535408,SP,9826623,1
5213004,GO,709016,0
3305109,RJ,197043748,0
2918704,BA,6076721,0
2412302,RN,16458090,0
3551009,SP,423423724,1
2806602,SE,1647368,0
3300803,RJ,12289802,0
3156908,MG,-8935597,0
2210631,PI,-84174,0
2200301,PI,11349154,0
4213351,SC,-4211839,0
3515350,SP,5680173,1
1200179,AC,-2764829,0
2404309,RN,562684,0
5101704,MT,-19647972,0
4210308,SC,3455092,0
3548609,SP,-3954833,1
3556453,SP,-32765968,1
4118907,PR,160720,0
3538501,SP,-4849681,1
5222302,GO,-726143,0
2406205,RN,3889375,0
4212403,SC,-1611832,0
5212303,GO,6965084,0
2401503,RN,1035762,0
3133808,MG,13024928,0
2916401,BA,38372377,0
4213302,SC,-1280583,0
3540309,SP,6541346,1
2706802,AL,28454059,0
5205497,GO,-31250703,0
1508001,PA,147555517,0
4126207,PR,2373429,0
4205308,SC,-3644956,0
2209708,PI,2301586,0
1100304,RO,94640114,0
3112307,MG,8296785,0
2709301,AL,122847734,0
3159407,MG,-30015,0
2311900,CE,19653214,0
2209401,PI,-288591,0
3503158,SP,-3142218,1
3130002,MG,33566,0
3501509,SP,-1615798,1
5221502,GO,887928,0
3549607,SP,-6701362,1
3504701,SP,7359629,1
2924405,BA,24542396,0
4125308,PR,-3122738,0
4215802,SC,-29840827,0
3554607,SP,-497276,1
3554201,SP,1102003,1
3556008,SP,1806157,1
5213053,GO,6491248,0
4215554,SC,-2948723,0
3200359,ES,7619088,0
2917706,BA,16021266,0
3301405,RJ,-2290646,0
1508159,PA,68337801,0
1502954,PA,-3104783,0
1503507,PA,31241578,0
2912608,BA,3298474,0
5200100,GO,3940315,0
3545506,SP,-1890078,1
4215307,SC,-2037558,0
3542008,SP,-762728,1
2307205,CE,-180689,0
3519907,SP,4051694,1
4210506,SC,-5072395,0
3508306,SP,836567,1
3168507,MG,53254,0
5218789,GO,-13050604,0
2920908,BA,34643548,0
2915403,BA,20222103,0
3548005,SP,-3231221,1
3525607,SP,-2157402,1
1715150,TO,-1080299,0
3122306,MG,79434015,0
1716703,TO,2428273,0
2313104,CE,22087430,0
2918100,BA,35402016,0
3535606,SP,-2350434,1
3540408,SP,7972272,1
1100056,RO,-5818407,0
1720937,TO,-3874970,0
2926004,BA,47624109,0
3140001,MG,1970524,0
3509809,SP,2469379,1
2407203,RN,-8213262,0
3532603,SP,4676782,1
3544251,SP,36266212,1
3522505,SP,9625236,1
5206503,GO,3594711,0
3533502,SP,-1913015,1
4200309,SC,-956777,0
3543709,SP,1916558,1
4207205,SC,2567136,0
5102603,MT,-10521993,0
4127601,PR,2996934,0
3164605,MG,-33290604,0
5206305,GO,-1098828,0
2919108,BA,4116134,0
3171204,MG,12010866,0
2919603,BA,-6490940,0
3203163,ES,-5064855,0
3123403,MG,217412,0
1101401,RO,1701138,0
5218904,GO,-491115,0
3522802,SP,-1402841,1
5210901,GO,21801516,0
3516903,SP,7348950,1
5220009,GO,4646283,0
2908309,BA,23692329,0
3168309,MG,6767559,0
3303609,RJ,21404676,0
3539905,SP,2574007,1
4103800,PR,1758993,0
5212600,GO,3044064,0
3552502,SP,-37261084,1
3504305,SP,3940219,1
2404101,RN,-4611398,0
5208509,GO,-237647,0
5107859,MT,-6967912,0
3541307,SP,7045497,1
5219605,GO,2440502,0
5210208,GO,-26344280,0
3510708,SP,796372,1
5218391,GO,1721394,0
5216809,GO,-8080355,0
5200175,GO,-9355663,0
3131000,MG,5841212,0
1600600,AP,-27345953,0
5209408,GO,-5587331,0
4216206,SC,-13839526,0
4100707,PR,-1225971,0
3104452,MG,-762388,0
1500909,PA,5044147,0
2708303,AL,20144624,0
2303931,CE,12522633,0
5205901,GO,-16106741,0
3509957,SP,329557,1
4203006,SC,10409088,0
3521150,SP,1844551,1
4111704,PR,-558219,0
1502608,PA,19228990,0
1301951,AM,8738061,0
4321600,RS,-68445102,0
2909802,BA,21976192,0
4122404,PR,12653175,0
2300408,CE,8650878,0
3504206,SP,31009,1
4317202,RS,16641646,0
2932200,BA,11800359,0
3536505,SP,348379444,1
3126505,MG,791228,0
3300407,RJ,35362772,0
3205150,ES,-5404255,0
2210508,PI,2877917,0
2901502,BA,13758908,0
3534401,SP,973798000,1
2911907,BA,29224652,0
1507607,PA,42188578,0
2109304,MA,-535963,0
2706109,AL,-125567,0
5215504,GO,-14488478,0
2905107,BA,-107698,0
2204105,PI,4646652,0
5204805,GO,-17678496,0
3547304,SP,-289015435,1
1507300,PA,17019997,0
3539806,SP,-93222462,1
3542404,SP,5654450,1
5219753,GO,111942809,0
3300951,RJ,10649639,0
4201653,SC,-1755871,0
3532207,SP,-3561114,1
5212253,GO,3230326,0
4104659,PR,5841380,0
3162807,MG,3476524,0
2311231,CE,10117290,0
5204102,GO,-6867499,0
3547106,SP,-751663,1
5207907,GO,11370253,0
2929750,BA,6261210,0
3169802,MG,-1880364,0
2916708,BA,2471657,0
1504802,PA,20155283,0
3300225,RJ,34314889,0
5212808,GO,876551,0
3124906,MG,-696742,0
2205508,PI,1794194,0
3553104,SP,-1644309,1
5209200,GO,9378869,0
4103057,PR,1986269,0
3541604,SP,-10497133,1
1301902,AM,81305757,0
4202206,SC,-1834983,0
3300902,RJ,1154307,0
2206357,PI,-609034,0
2706307,AL,-26590364,0
5221908,GO,8302852,0
2402808,RN,7916871,0
3109303,MG,-5014510,0
2404606,RN,-211210,0
2404705,RN,4480512,0
3512605,SP,4411870,1
2925907,BA,13286151,0
3530607,SP,184159337,1
5101902,MT,-11071950,0
3515707,SP,176859521,1
1100403,RO,-14633344,0
1505403,PA,20816773,0
3104205,MG,-1942588,0
3550209,SP,-14613356,1
3537206,SP,-4149422,1
1501956,PA,13772030,0
2931103,BA,2677586,0
2923308,BA,5501951,0
2913457,BA,23697486,0
4126678,PR,-8331637,0
5215405,GO,-3552654,0
1508308,PA,38925649,0
5202502,GO,5148506,0
5214101,GO,-481469,0
3103504,MG,38596567,0
4204558,SC,5589017,0
2604304,PE,-559506,0
2910750,BA,13338648,0
2203271,PI,-206959,0
2413706,RN,4296652,0
2921104,BA,46855100,0
2308609,CE,22002275,0
4107306,PR,-1015184,0
5217401,GO,11333316,0
5215801,GO,8320630,0
5211602,GO,-249203,0
3305307,RJ,-2884283,0
2302800,CE,69634767,0
4204509,SC,-388462,0
1502806,PA,234232,0
4213203,SC,-18201003,0
3123700,MG,777566,0
4218954,SC,-1007076,0
3550605,SP,-11676925,1
1100254,RO,12493201,0
2304277,CE,11285825,0
5218003,GO,-17338809,0
3124609,MG,-761866,0
3518107,SP,-1184677,1
3300936,RJ,80811991,0
5219209,GO,-3839054,0
3547601,SP,8969463,1
4210704,SC,-1936586,0
1720804,TO,929159,0
2908200,BA,-4296267,0
5211503,GO,48666604,0
3125606,MG,-814271,0
4107751,PR,-2371142,0
3516606,SP,-2767692,1
3514809,SP,17917878,1
5206404,GO,11563541,0
4215505,SC,-1567053,0
2913002,BA,-12743571,0
4209300,SC,29768629,0
5212006,GO,2612130,0
5107198,MT,-419260,0
5203104,GO,-3946530,0
5215306,GO,1147876,0
3519501,SP,-9896863,1
5201306,GO,6370938,0
5200555,GO,-12488945,0
4115507,PR,2769459,0
2913507,BA,38921810,0
3153202,MG,364676,0
2928307,BA,12935123,0
2707701,AL,87293296,0
5219902,GO,3348749,0
3108552,MG,-5833540,0
3554805,SP,29993409,1
4218608,SC,-1935567,0
3154606,MG,208881640,0
4204707,SC,-4756219,0
2916203,BA,35778944,0
4106605,PR,6022955,0
4211058,SC,-3464540,0
3539103,SP,16699477,1
2915502,BA,68923914,0
2918456,BA,2730947,0
3506102,SP,53824993,1
2902609,BA,-4907951,0
4212502,SC,-6108835,0
2403707,RN,3971792,0
4128633,PR,8137930,0
3518008,SP,2534872,1
4203600,SC,-16545566,0
2704104,AL,-8059963,0
5221403,GO,-19299727,0
3144706,MG,-4878908,0
5210000,GO,11861240,0
5213855,GO,-4469249,0
4201703,SC,-2794202,0
2106904,MA,9511136,0
3151107,MG,5579440,0
5202353,GO,1125743,0
5215652,GO,-3672911,0
4118501,PR,-1810970,0
3528403,SP,20044137,1
3505906,SP,51133939,1
3548302,SP,-2877818,1
4119301,PR,-1258281,0
3300308,RJ,29485808,0
3514502,SP,2296402,1
4107736,PR,-1564245,0
3534757,SP,2747930,1
4127858,PR,6237128,0
3543907,SP,163464686,1
3162500,MG,-58210787,0
5200258,GO,42874694,0
4319364,RS,-1732776,0
3170503,MG,3773980,0
4210209,SC,-3349600,0
3137205,MG,-27167242,0
2900504,BA,10720000,0
3166501,MG,1693563,0
3523107,SP,247099894,1
1100080,RO,-6624127,0
5221452,GO,1640135,0
2207959,PI,4173857,0
4212908,SC,-12737900,0
2206670,PI,-186834,0
3555208,SP,5893690,1
4308409,RS,-3175589,0
2700300,AL,-69313786,0
3504602,SP,1320408,1
3508207,SP,-1803399,1
1501782,PA,21761855,0
3528106,SP,6748222,1
3509908,SP,9366417,1
2933257,BA,-389951,0
3530706,SP,173809248,1
3513009,SP,-21822269,1
2402006,RN,15325887,0
5221197,GO,503189,0
5208608,GO,-51140656,0
3544707,SP,-508158,1
1503804,PA,-11056778,0
4311254,RS,-29799,0
4110706,PR,-3077285,0
5208103,GO,5444469,0
5103403,MT,618459044,0
5103254,MT,-4765247,0
3528304,SP,-1364858,1
2932309,BA,79845533,0
2410900,RN,9156063,0
3143302,MG,12601804,0
3551405,SP,-1529964,1
3133758,MG,2153210,0
2932507,BA,59325003,0
5106851,MT,-2666473,0
4122909,PR,-75665,0
2922508,BA,12608755,0
3305604,RJ,-5792154,0
3147907,MG,33583237,0
5208004,GO,107261441,0
2905503,BA,5865650,0
5219001,GO,-6815996,0
3531100,SP,-32050695,1
3151206,MG,17843280,0
5206909,GO,241619,0
1500859,PA,153213,0
3152105,MG,-37407612,0
5222054,GO,-8783181,0
1200609,AC,19930664,0
5201454,GO,-13664942,0
3545803,SP,45933606,1
2211506,PI,460803,0
2210052,PI,-1470261,0
3515129,SP,254378,1
2901957,BA,27165859,0
4203402,SC,-2318182,0
2205409,PI,5178100,0
1707108,TO,4647280,0
3524006,SP,103385859,1
3120839,MG,1673855,0
3302403,RJ,-384538850,0
1200450,AC,23823670,0
3554904,SP,-729714,1
2704500,AL,3213414,0
4207007,SC,73834621,0
5101001,MT,298849,0
4120333,PR,-3093821,0
3519600,SP,-14339502,1
1500404,PA,2230846,0
1301209,AM,-16747436,0
5212501,GO,-6291932,0
3529005,SP,282374835,1
2202083,PI,410488,0
5220504,GO,-25743,0
2404804,RN,-274906,0
1400209,RR,10477292,0
5218805,GO,-103633073,0
4212809,SC,-13801764,0
2202000,PI,15958330,0
3303807,RJ,-57470942,0
2202251,PI,-632168,0
3119609,MG,163952,0
3536000,SP,6330136,1
5207808,GO,5896829,0
4108502,PR,7005643,0
3145208,MG,43334413,0
1600279,AP,28526987,0
3529708,SP,58716034,1
2103505,MA,19114320,0
3145901,MG,8038534,0
4213104,SC,-6219956,0
2202729,PI,2185950,0
5100250,MT,37858295,0
5204706,GO,8939375,0
2202851,PI,1945973,0
1718899,TO,-1192172,0
3556602,SP,-1526595,1
4218251,SC,4843346,0
3106002,MG,1614305,0
3105608,MG,52699391,0
2205276,PI,4861167,0
2203453,PI,-192784,0
1400704,RR,2852748,0
5205109,GO,-79931230,0
1100288,RO,12847346,0
5212204,GO,2220270,0
3167202,MG,315015986,0
5107404,MT,-1073710,0
3141801,MG,3281175,0
2201804,PI,160024,0
3135100,MG,41621912,0
3510906,SP,1866464,1
5204250,GO,48553999,0
3553708,SP,44397208,1
5210109,GO,26208076,0
2205201,PI,8445974,0
5214838,GO,6630937,0
2910727,BA,375160423,0
1600105,AP,5221636,0
2206605,PI,3779610,0
4202800,SC,-2526599,0
2203503,PI,-562667,0
2209757,PI,1558063,0
2201945,PI,1747447,0
2208007,PI,63046945,0
2201988,PI,-2233837,0
4202057,SC,-3643291,0
2205516,PI,7903860,0
2211100,PI,12733884,0
2204501,PI,2164840,0
2201739,PI,3392407,0
4202305,SC,8237265,0
5202809,GO,1143078,0
3546306,SP,3676460,1
2102556,MA,-3648465,0
5108006,MT,-8557698,0
5204508,GO,66332532,0
5204300,GO,5781101,0
5204854,GO,-768891,0
5209291,GO,-1875574,0
2205300,PI,156358,0
4126801,PR,2914762,0
2914000,BA,33461198,0
5004007,MS,4561365,0
3534906,SP,2701546,1
2207702,PI,11289190,0
5200134,GO,-37833278,0
1100320,RO,-11077220,0
2409332,RN,-6838909,0
4218350,SC,-782336,0
3545407,SP,950528,1
2201176,PI,450081,0
5219258,GO,2219937,0
2205573,PI,368304,0
2201507,PI,22868492,0
2202711,PI,920834,0
1706506,TO,-1920513,0
2201960,PI,6459625,0
2203701,PI,32442400,0
4123105,PR,-1197039,0
3534500,SP,-482423,1
1703305,TO,112836,0
1720655,TO,-109987,0
5214408,GO,-369213,0
1101450,RO,-2384146,0
3168606,MG,77789003,0
2201606,PI,5545163,0
4117214,PR,-3403943,0
3502705,SP,21662898,1
2208502,PI,13663811,0
1701002,TO,3581387,0
1600303,AP,73324913,0
1712702,TO,-1465777,0
3205101,ES,2215351,0
2203800,PI,909475,0
3154705,MG,901492,0
2207900,PI,7306406,0
3156700,MG,-102938415,0
1703842,TO,-1490354,0
4200200,SC,-4651273,0
1303106,AM,-6660736,0
1101104,RO,-6300623,0
2207009,PI,25585125,0
2204154,PI,1200,0
2902252,BA,32990884,0
3525300,SP,77022163,1
2208304,PI,-2217278,0
3538808,SP,4125607,1
2205532,PI,-2272864,0
3550704,SP,-35376198,1
2701605,AL,-535290,0
2703700,AL,-1050445,0
2704609,AL,9366300,0
3507001,SP,21512997,1
3131901,MG,37252900,0
5106455,MT,-9335538,0
2910909,BA,13803356,0
2201408,PI,2735235,0
4217402,SC,-3811800,0
4201000,SC,1100712,0
3509403,SP,3319877,1
2922706,BA,24215522,0
3304409,RJ,23706647,0
4107256,PR,-3892216,0
2208205,PI,1922079,0
3203908,ES,-11847510,0
2207504,PI,6070475,0
2208809,PI,3656225,0
3540259,SP,673184,1
2210391,PI,186023,0
2101202,MA,34759285,0
5206602,GO,116338,0
2702355,AL,7940879,0
3148004,MG,16158492,0
2202505,PI,1183368,0
4127809,PR,1495841,0
3306008,RJ,79003349,0
2113009,MA,48988212,0
2210102,PI,1733442,0
2303006,CE,50021416,0
2208403,PI,52422706,0
3201605,ES,-11985701,0
2102325,MA,29071250,0
2929354,BA,23126543,0
4205803,SC,-9427520,0
2206753,PI,7006996,0
3304524,RJ,-51922462,0
2201556,PI,57500,0
2407609,RN,5163017,0
4202404,SC,342480039,0
2205565,PI,34000,0
2904902,BA,32947518,0
3503208,SP,193582746,1
4205407,SC,826276617,0
3117306,MG,10129824,0
2210938,PI,-1012533,0
4109708,PR,3050290,0
5204201,GO,-1926302,0
4113759,PR,739868,0
1502764,PA,-3109262,0
2200954,PI,-106301,0
3510500,SP,-237448185,1
3530300,SP,-5282041,1
1712405,TO,-3048653,0
1710508,TO,8214023,0
4101150,PR,273281,0
3132404,MG,25841439,0
3146404,MG,5124527,0
3543105,SP,641687,1
2210706,PI,5186572,0
1504505,PA,2771734,0
2210607,PI,2879564,0
4215000,SC,13935664,0
2923357,BA,5064296,0
4202099,SC,-2874373,0
2914901,BA,47373694,0
2916609,BA,21734938,0
3515152,SP,1651615,1
2914307,BA,31113830,0
4217204,SC,-7146893,0
3536604,SP,3990901,1
2607802,PE,7637413,0
3302700,RJ,-917110398,0
3300258,RJ,41817730,0
3200607,ES,-69014916,0
1300508,AM,-23893031,0
3556503,SP,443123,1
2200459,PI,3070180,0
2918555,BA,34371575,0
5208152,GO,-2772817,0
2700607,AL,17431320,0
2208700,PI,4647,0
2204709,PI,1059670,0
2708600,AL,-1577988,0
2112308,MA,-4698342,0
2202455,PI,7488508,0
3304755,RJ,1501088,0
4213500,SC,-29080555,0
4209409,SC,-4490826,0
5106208,MT,-5368536,0
2109908,MA,36333028,0
3538709,SP,-7552344,1
4200507,SC,-2829117,0
3507308,SP,-2055989,1
2202703,PI,5546528,0
4103305,PR,4606616,0
2209377,PI,283646,0
5214606,GO,169802689,0
2202307,PI,2861506,0
3102506,MG,295019,0
5106778,MT,-3274048,0
2209971,PI,2526681,0
2207405,PI,411093,0
4218707,SC,18567722,0
2702504,AL,9956853,0
3300704,RJ,574816753,0
3511201,SP,2285784,1
2207603,PI,130433692,0
3502754,SP,673458,1
2210656,PI,17319738,0
3104809,MG,-1725996,0
4311981,RS,4256164,0
4200903,SC,-1108774,0
3162955,MG,6524013,0
1504752,PA,412199,0
5222203,GO,-1434908,0
4107652,PR,5246169,0
3525904,SP,173997753,1
2107407,MA,18008120,0
3524105,SP,37292046,1
3503307,SP,-212154833,1
2202406,PI,660,0
5101803,MT,21522386,0
5107602,MT,53346075,0
3304300,RJ,19644344,0
3143401,MG,-4181721,0
4124301,PR,-4398883,0
3158805,MG,-2038362,0
4203709,SC,-3452512,0
2702405,AL,33972067,0
3517307,SP,-1355902,1
5106315,MT,36097,0
4202081,SC,-1705602,0
2916302,BA,46074450,0
1303403,AM,8362582,0
1507003,PA,-4897134,0
4217550,SC,-4604408,0
2924207,BA,-1021726,0
1304302,AM,4622039,0
4204202,SC,41818604,0
3305158,RJ,-9681282,0
1713957,TO,-419726,0
3203205,ES,-86389897,0
3164209,MG,406621,0
2610103,PE,1023063,0
1501451,PA,25649244,0
5200902,GO,3018054,0
5107883,MT,-2031519,0
2703403,AL,-5697933,0
4125407,PR,-2307997,0
4211751,SC,10471655,0
1715101,TO,899172,0
4119400,PR,-12647175,0
3510104,SP,-1196039,1
2110039,MA,-2862806,0
2209872,PI,-6108947,0
4217758,SC,-2842898,0
3540101,SP,900092,1
3515103,SP,1694508,1
1703701,TO,662997,0
3509205,SP,148882856,1
4206207,SC,964905,0
3203700,ES,9725109,0
2912301,BA,39619430,0
3507506,SP,-37442277,1
3549508,SP,9677829,1
1400282,RR,-1746762,0
3553658,SP,-1813164,1
4120358,PR,-1553780,0
1101609,RO,8771526,0
1300631,AM,7142045,0
1719004,TO,-1079273,0
3539301,SP,34469019,1
1100023,RO,36442487,0
1503309,PA,70880455,0
2206654,PI,-514577,0
1505064,PA,107177,0
3127370,MG,-80367,0
5201603,GO,2038743,0
3300209,RJ,-45959930,0
3525409,SP,588573,1
1302900,AM,-18722655,0
3115300,MG,8111426,0
4120002,PR,20246090,0
4202107,SC,-705042,0
3124500,MG,-6665398,0
4117404,PR,-1371442,0
4209201,SC,-4734372,0
1100130,RO,5242855,0
3502002,SP,-2260848,1
2931301,BA,-22000618,0
2923902,BA,25934608,0
3134202,MG,-13390032,0
2209906,PI,590189,0
3306107,RJ,114496327,0
3542800,SP,368962,1
4110078,PR,-3511354,0
2202075,PI,-2480597,0
2205581,PI,24721,0
1400407,RR,5533961,0
4210100,SC,58314526,0
3127008,MG,6044870,0
4113734,PR,143509,0
4120200,PR,-653268,0
3118403,MG,300382,0
4119905,PR,351830695,0
2106607,MA,10655500,0
4100202,PR,579908,0
1100064,RO,-4844548,0
4216354,SC,-2586916,0
4126702,PR,-101298,0
1100205,RO,142691711,0
2201101,PI,-1406667,0
3201100,ES,-6185194,0
2112902,MA,238784,0
1300409,AM,11359638,0
2202539,PI,2157938,0
3105004,MG,5611571,0
2112506,MA,23043063,0
2206803,PI,4276707,0
2929602,BA,13690504,0
3552551,SP,-1208041,1
1304401,AM,6042670,0
3503356,SP,-2063744,1
4211892,SC,-1156576,0
1300029,AM,-4119240,0
3302858,RJ,-92874886,0
1301803,AM,1663433,0
4217253,SC,-4710816,0
1304237,AM,-2559541,0
4205209,SC,-3446368,0
2207355,PI,-343597,0
3541901,SP,17108476,1
1507706,PA,-1275259,0
1304260,AM,11849,0
4110656,PR,-454310,0
4213708,SC,-4883298,0
1400175,RR,17788305,0
4118709,PR,4339197,0
1504703,PA,-9561032,0
1506005,PA,-3446264,0
1302504,AM,-4497816,0
1101757,RO,1001442,0
4215679,SC,-4414735,0
1304203,AM,3162645,0
2925105,BA,83245934,0
2209203,PI,2579340,0
1300680,AM,7658639,0
2206696,PI,5148089,0
2703759,AL,-2597579,0
1101559,RO,-9173339,0
5201504,GO,3468268,0
1600808,AP,-3708557,0
3553906,SP,2533570,1
2105922,MA,-2669546,0
3538303,SP,897580,1
2109403,MA,-3747335,0
3303005,RJ,12397557,0
5220108,GO,7381368,0
3107109,MG,22504837,0
3202306,ES,9772832,0
5105309,MT,-5199888,0
3202801,ES,-15572425,0
1302801,AM,158596,0
2206209,PI,62803078,0
1302702,AM,-4054350,0
2706422,AL,5290960,0
4110003,PR,4990777,0
1400027,RR,-3510292,0
2700102,AL,7118908,0
4209458,SC,-1090764,0
1303304,AM,1136885,0
3135209,MG,121441179,0
3551207,SP,5055871,1
4207106,SC,1604514,0
3159100,MG,1855231,0
4301750,RS,-669862,0
3527603,SP,9324389,1
1303700,AM,9985997,0
5100508,MT,-468096,0
1100262,RO,-815100,0
4124707,PR,-3333554,0
5210562,GO,-5439685,0
3162708,MG,22574345,0
4113809,PR,-744513,0
2708105,AL,-3838065,0
1400472,RR,836052,0
4121901,PR,-2418092,0
2104305,MA,-665470,0
1600204,AP,4159916,0
2709004,AL,2809391,0
1508209,PA,17396035,0
3302007,RJ,44215418,0
1505494,PA,-2082575,0
1502152,PA,10705467,0
3170305,MG,1809418,0
5107800,MT,-2117819,0
1302306,AM,-306843,0
1101203,RO,-4767378,0
2705804,AL,4906276,0
3201803,ES,-3256089,0
5107263,MT,-855524,0
1100155,RO,-9119186,0
1100502,RO,5311073,0
1600154,AP,18988095,0
2909307,BA,51726397,0
1717206,TO,191147,0
3500303,SP,-8902964,1
3520608,SP,3501371,1
1600709,AP,-7265533,0
4204178,SC,-2245759,0
1501808,PA,3000,0
3551504,SP,-10978752,1
1600253,AP,-336229,0
3202405,ES,-50914337,0
3147006,MG,-14761181,0
5218300,GO,25168941,0
5107776,MT,-12162359,0
3544301,SP,-4168564,1
4112900,PR,-3629760,0
2202059,PI,230000,0
2707107,AL,2716571,0
3528700,SP,5509829,1
3505351,SP,1870181,1
1507953,PA,73729063,0
2205524,PI,122515,0
3171105,MG,1415402,0
5211404,GO,-1299635,0
3514205,SP,676898,1
3552007,SP,9296995,1
3302270,RJ,3067664,0
2100550,MA,-3177888,0
4204152,SC,-2121743,0
4108106,PR,-42313,0
3500808,SP,-1994367,1
2917334,BA,6145530,0
3203304,ES,-8855582,0
3552908,SP,-376908,1
2205805,PI,-2469375,0
3524501,SP,-2888396,1
2206100,PI,6343669,0
1703883,TO,246855,0
2207751,PI,259712,0
3204906,ES,3065555,0
3532108,SP,1465100,1
4201505,SC,-1011636,0
1301506,AM,7588303,0
4124905,PR,-4795492,0
2404903,RN,1807035,0
3130051,MG,10086080,0
2200251,PI,-2554960,0
1500107,PA,-31176681,0
2707404,AL,10717317,0
3507803,SP,47928218,1
1600550,AP,-8457952,0
5209937,GO,2608325,0
3301876,RJ,-11803071,0
1200013,AC,-3914584,0
3300506,RJ,6011529,0
1303205,AM,18788133,0
2107506,MA,7379887,0
4216057,SC,-15613250,0
2709202,AL,1220772,0
3556958,SP,-375880,1
3554409,SP,2163163,1
3500402,SP,1943765,1
3539400,SP,-4917929,1
3522158,SP,-2313069,1
3508603,SP,34340746,1
5103106,MT,-1011301,0
2403251,RN,-43886483,0
3508405,SP,1276078,1
2703007,AL,-5761905,0
1715259,TO,-297447,0
5220405,GO,37766363,0
2203008,PI,-1303244,0
1505908,PA,-2073686,0
4201406,SC,-4478916,0
2708956,AL,743086,0
2313708,CE,9491160,0
2705408,AL,1642179,0
3531902,SP,9886698,1
3506805,SP,-825194,1
1501907,PA,79698640,0
1400605,RR,-3776995,0
3544509,SP,10018755,1
2207850,PI,270321,0
3305208,RJ,44457086,0
3504909,SP,30325732,1
2108504,MA,-878136,0
3300605,RJ,18812334,0
1600055,AP,-712812,0
4218004,SC,3271094,0
4211009,SC,-5664072,0
5217104,GO,899454,0
5103007,MT,15650590,0
1505809,PA,614280,0
1503903,PA,39875314,0
4100103,PR,3266125,0
2202117,PI,-335871,0
2203230,PI,-1522235,0
5106653,MT,48909,0
2105476,MA,16447,0
1200138,AC,-2763679,0
3532058,SP,-6366687,1
3303708,RJ,5463517,0
2205854,PI,2166334,0
2702009,AL,-8174032,0
2210623,PI,692992,0
4124509,PR,4460580,0
1100809,RO,3070733,0
5107180,MT,5192057,0
5103858,MT,-2586387,0
2706703,AL,-49386414,0
3548104,SP,-3390525,1
4116208,PR,-11756268,0
4216255,SC,-4077614,0
1600402,AP,-1060596,0
4313706,RS,6960284,0
2703304,AL,1692283,0
2927804,BA,22659000,0
2204402,PI,44808679,0
2708808,AL,11858153,0
5107578,MT,-3559061,0
2702553,AL,11870979,0
4201604,SC,-2210379,0
2414506,RN,-489906,0
2700904,AL,2538066,0
5200159,GO,727491,0
4108908,PR,5502975,0
3305406,RJ,5997893,0
1400456,RR,18069112,0
3304706,RJ,10648185,0
2202737,PI,1211404,0
2707008,AL,2807300,0
2207108,PI,10000,0
2700409,AL,4390609,0
2201200,PI,49618127,0
1501105,PA,-2013835,0
3527801,SP,933338,1
5200050,GO,-8674233,0
3301306,RJ,-23807953,0
1717800,TO,-159501,0
1503457,PA,2147,0
4123600,PR,2574895,0
4109500,PR,-2413383,0
3302106,RJ,-13660525,0
2702207,AL,2635585,0
3301603,RJ,-10680517,0
5106703,MT,59852,0
2203255,PI,731956,0
2400901,RN,3619961,0
2410009,RN,562684,0
3200169,ES,6330596,0
3305703,RJ,-13128687,0
1300201,AM,3901954,0
3161809,MG,1414893,0
5217609,GO,126594759,0
5212907,GO,-546915,0
3140100,MG,424618,0
2205904,PI,-4453925,0
2707206,AL,-4647298,0
1600501,AP,-3970498,0
4103206,PR,4006292,0
3161908,MG,-40019329,0
1506401,PA,1659555,0
2200707,PI,-6841874,0
1506302,PA,-3049211,0
5100359,MT,-1016977,0
3154200,MG,-9146661,0
2404408,RN,1994625,0
2700706,AL,6313330,0
2106755,MA,-19800599,0
2414456,RN,2900512,0
3302304,RJ,114549,0
3200904,ES,44630065,0
3302502,RJ,-99459195,0
1504950,PA,713001,0
1504307,PA,42516965,0
